player_tag,brawler_name,player_name,nameColor,player_trophies,player_highestTrophies,expLevel,expPoints,isQualifiedFromChampionshipChallenge,3vs3Victories,soloVictories,duoVictories,bestRoboRumbleTime,bestTimeAsBigBrawler,icon.id,club.tag,club.name,brawler_id,brawler_power,brawler_rank,brawler_trophies,brawler_highestTrophies,gear_id,gear_name,gear_level,gadget_id_1,gadget_id_2,starPowers_id_1,starPowers_id_2
#9ULJPY8LV,SHELLY,CYX,0xffa2e3fe,10836,10856,64,22465,0,919,161,296,2,0,28000164,,,16000000,8,16,305,305,62000002.0,DAMAGE,3.0,23000288.0,23000255.0,,
#9ULJPY8LV,COLT,CYX,0xffa2e3fe,10836,10856,64,22465,0,919,161,296,2,0,28000164,,,16000001,8,19,372,372,,,,23000273.0,23000319.0,,
#9ULJPY8LV,BULL,CYX,0xffa2e3fe,10836,10856,64,22465,0,919,161,296,2,0,28000164,,,16000002,8,15,281,281,,,,,,,
#9ULJPY8LV,BROCK,CYX,0xffa2e3fe,10836,10856,64,22465,0,919,161,296,2,0,28000164,,,16000003,8,19,360,364,,,,,,,
#9ULJPY8LV,RICO,CYX,0xffa2e3fe,10836,10856,64,22465,0,919,161,296,2,0,28000164,,,16000004,7,13,246,246,,,,23000409.0,,,
#9ULJPY8LV,BARLEY,CYX,0xffa2e3fe,10836,10856,64,22465,0,919,161,296,2,0,28000164,,,16000006,8,13,250,252,,,,23000293.0,23000250.0,,
#9ULJPY8LV,JESSIE,CYX,0xffa2e3fe,10836,10856,64,22465,0,919,161,296,2,0,28000164,,,16000007,8,26,489,505,,,,23000295.0,23000251.0,,
#9ULJPY8LV,NITA,CYX,0xffa2e3fe,10836,10856,64,22465,0,919,161,296,2,0,28000164,,,16000008,8,18,342,342,,,,23000249.0,23000314.0,,
#9ULJPY8LV,DYNAMIKE,CYX,0xffa2e3fe,10836,10856,64,22465,0,919,161,296,2,0,28000164,,,16000009,9,13,237,240,,,,,,,
#9ULJPY8LV,EL PRIMO,CYX,0xffa2e3fe,10836,10856,64,22465,0,919,161,296,2,0,28000164,,,16000010,8,23,448,452,,,,23000264.0,23000292.0,,
#9ULJPY8LV,MORTIS,CYX,0xffa2e3fe,10836,10856,64,22465,0,919,161,296,2,0,28000164,,,16000011,11,6,99,100,,,,,,,
#9ULJPY8LV,POCO,CYX,0xffa2e3fe,10836,10856,64,22465,0,919,161,296,2,0,28000164,,,16000013,7,19,367,375,,,,23000267.0,23000350.0,,
#9ULJPY8LV,BO,CYX,0xffa2e3fe,10836,10856,64,22465,0,919,161,296,2,0,28000164,,,16000014,10,26,508,516,,,,23000263.0,23000289.0,,
#9ULJPY8LV,PIPER,CYX,0xffa2e3fe,10836,10856,64,22465,0,919,161,296,2,0,28000164,,,16000015,7,15,276,282,,,,,,,
#9ULJPY8LV,DARRYL,CYX,0xffa2e3fe,10836,10856,64,22465,0,919,161,296,2,0,28000164,,,16000018,7,24,460,468,,,,,,,
#9ULJPY8LV,PENNY,CYX,0xffa2e3fe,10836,10856,64,22465,0,919,161,296,2,0,28000164,,,16000019,8,17,334,336,,,,23000248.0,,,
#9ULJPY8LV,FRANK,CYX,0xffa2e3fe,10836,10856,64,22465,0,919,161,296,2,0,28000164,,,16000020,8,11,216,216,,,,23000261.0,,,
#9ULJPY8LV,GENE,CYX,0xffa2e3fe,10836,10856,64,22465,0,919,161,296,2,0,28000164,,,16000021,2,1,0,0,,,,,,,
#9ULJPY8LV,TICK,CYX,0xffa2e3fe,10836,10856,64,22465,0,919,161,296,2,0,28000164,,,16000022,7,14,266,271,,,,,,,
#9ULJPY8LV,ROSA,CYX,0xffa2e3fe,10836,10856,64,22465,0,919,161,296,2,0,28000164,,,16000024,9,23,440,441,,,,23000348.0,,,
#9ULJPY8LV,CARL,CYX,0xffa2e3fe,10836,10856,64,22465,0,919,161,296,2,0,28000164,,,16000025,7,12,229,235,,,,,,,
#9ULJPY8LV,BIBI,CYX,0xffa2e3fe,10836,10856,64,22465,0,919,161,296,2,0,28000164,,,16000026,7,12,223,226,,,,,,,
#9ULJPY8LV,8-BIT,CYX,0xffa2e3fe,10836,10856,64,22465,0,919,161,296,2,0,28000164,,,16000027,7,12,225,225,,,,,,,
#9ULJPY8LV,BEA,CYX,0xffa2e3fe,10836,10856,64,22465,0,919,161,296,2,0,28000164,,,16000029,6,1,0,0,,,,,,,
#9ULJPY8LV,EMZ,CYX,0xffa2e3fe,10836,10856,64,22465,0,919,161,296,2,0,28000164,,,16000030,9,19,370,376,,,,,,23000198.0,23000199.0
#9ULJPY8LV,MAX,CYX,0xffa2e3fe,10836,10856,64,22465,0,919,161,296,2,0,28000164,,,16000032,7,16,315,315,,,,,,,
#9ULJPY8LV,JACKY,CYX,0xffa2e3fe,10836,10856,64,22465,0,919,161,296,2,0,28000164,,,16000034,7,19,367,377,,,,,,,
#9ULJPY8LV,GALE,CYX,0xffa2e3fe,10836,10856,64,22465,0,919,161,296,2,0,28000164,,,16000035,7,17,322,325,,,,23000407.0,,,
#9ULJPY8LV,SPROUT,CYX,0xffa2e3fe,10836,10856,64,22465,0,919,161,296,2,0,28000164,,,16000037,9,10,179,186,,,,,,,
#9ULJPY8LV,SURGE,CYX,0xffa2e3fe,10836,10856,64,22465,0,919,161,296,2,0,28000164,,,16000038,8,18,357,358,,,,,,,
#9ULJPY8LV,COLETTE,CYX,0xffa2e3fe,10836,10856,64,22465,0,919,161,296,2,0,28000164,,,16000039,7,18,352,356,,,,,,,
#9ULJPY8LV,LOU,CYX,0xffa2e3fe,10836,10856,64,22465,0,919,161,296,2,0,28000164,,,16000041,7,6,100,100,,,,,,,
#9ULJPY8LV,EDGAR,CYX,0xffa2e3fe,10836,10856,64,22465,0,919,161,296,2,0,28000164,,,16000043,8,22,407,422,,,,23000340.0,,,
#9ULJPY8LV,STU,CYX,0xffa2e3fe,10836,10856,64,22465,0,919,161,296,2,0,28000164,,,16000045,7,6,100,101,,,,,,,
#9ULJPY8LV,GROM,CYX,0xffa2e3fe,10836,10856,64,22465,0,919,161,296,2,0,28000164,,,16000048,9,2,33,33,,,,,,,
#9ULJPY8LV,BUZZ,CYX,0xffa2e3fe,10836,10856,64,22465,0,919,161,296,2,0,28000164,,,16000049,9,2,30,30,,,,,,,
#9ULJPY8LV,GRIFF,CYX,0xffa2e3fe,10836,10856,64,22465,0,919,161,296,2,0,28000164,,,16000050,8,15,291,296,,,,,,,
#9ULJPY8LV,JANET,CYX,0xffa2e3fe,10836,10856,64,22465,0,919,161,296,2,0,28000164,,,16000057,8,8,153,155,,,,,,,
#9ULJPY8LV,SAM,CYX,0xffa2e3fe,10836,10856,64,22465,0,919,161,296,2,0,28000164,,,16000060,9,11,200,200,,,,,,,
#9ULJPY8LV,GUS,CYX,0xffa2e3fe,10836,10856,64,22465,0,919,161,296,2,0,28000164,,,16000061,9,10,196,196,,,,,,,
#9ULJPY8LV,GRAY,CYX,0xffa2e3fe,10836,10856,64,22465,0,919,161,296,2,0,28000164,,,16000064,8,5,91,91,,,,,,,
#GYVL22U2V,SHELLY,kayler123,0xff1ba5f5,3352,3352,29,5016,0,289,20,77,0,0,28000807,#J9PLCRUG,ANGRY SQUAD,16000000,11,11,215,217,,,,23000255.0,,,
#GYVL22U2V,COLT,kayler123,0xff1ba5f5,3352,3352,29,5016,0,289,20,77,0,0,28000807,#J9PLCRUG,ANGRY SQUAD,16000001,2,5,81,81,,,,,,,
#GYVL22U2V,BULL,kayler123,0xff1ba5f5,3352,3352,29,5016,0,289,20,77,0,0,28000807,#J9PLCRUG,ANGRY SQUAD,16000002,1,3,50,50,,,,,,,
#GYVL22U2V,BROCK,kayler123,0xff1ba5f5,3352,3352,29,5016,0,289,20,77,0,0,28000807,#J9PLCRUG,ANGRY SQUAD,16000003,7,6,111,112,,,,,,,
#GYVL22U2V,BARLEY,kayler123,0xff1ba5f5,3352,3352,29,5016,0,289,20,77,0,0,28000807,#J9PLCRUG,ANGRY SQUAD,16000006,3,3,58,58,,,,,,,
#GYVL22U2V,JESSIE,kayler123,0xff1ba5f5,3352,3352,29,5016,0,289,20,77,0,0,28000807,#J9PLCRUG,ANGRY SQUAD,16000007,4,1,9,10,,,,,,,
#GYVL22U2V,NITA,kayler123,0xff1ba5f5,3352,3352,29,5016,0,289,20,77,0,0,28000807,#J9PLCRUG,ANGRY SQUAD,16000008,4,1,15,15,,,,,,,
#GYVL22U2V,DYNAMIKE,kayler123,0xff1ba5f5,3352,3352,29,5016,0,289,20,77,0,0,28000807,#J9PLCRUG,ANGRY SQUAD,16000009,5,9,163,163,,,,,,,
#GYVL22U2V,EL PRIMO,kayler123,0xff1ba5f5,3352,3352,29,5016,0,289,20,77,0,0,28000807,#J9PLCRUG,ANGRY SQUAD,16000010,4,13,252,254,,,,,,,
#GYVL22U2V,MORTIS,kayler123,0xff1ba5f5,3352,3352,29,5016,0,289,20,77,0,0,28000807,#J9PLCRUG,ANGRY SQUAD,16000011,3,5,87,87,,,,,,,
#GYVL22U2V,POCO,kayler123,0xff1ba5f5,3352,3352,29,5016,0,289,20,77,0,0,28000807,#J9PLCRUG,ANGRY SQUAD,16000013,1,2,27,27,,,,,,,
#GYVL22U2V,BO,kayler123,0xff1ba5f5,3352,3352,29,5016,0,289,20,77,0,0,28000807,#J9PLCRUG,ANGRY SQUAD,16000014,7,12,236,238,,,,23000289.0,,,
#GYVL22U2V,PENNY,kayler123,0xff1ba5f5,3352,3352,29,5016,0,289,20,77,0,0,28000807,#J9PLCRUG,ANGRY SQUAD,16000019,9,9,166,167,,,,23000287.0,,23000142.0,
#GYVL22U2V,FRANK,kayler123,0xff1ba5f5,3352,3352,29,5016,0,289,20,77,0,0,28000807,#J9PLCRUG,ANGRY SQUAD,16000020,8,10,185,185,62000000.0,SPEED,3.0,23000351.0,,,
#GYVL22U2V,ROSA,kayler123,0xff1ba5f5,3352,3352,29,5016,0,289,20,77,0,0,28000807,#J9PLCRUG,ANGRY SQUAD,16000024,1,1,0,0,,,,,,,
#GYVL22U2V,CARL,kayler123,0xff1ba5f5,3352,3352,29,5016,0,289,20,77,0,0,28000807,#J9PLCRUG,ANGRY SQUAD,16000025,1,9,158,160,,,,,,,
#GYVL22U2V,8-BIT,kayler123,0xff1ba5f5,3352,3352,29,5016,0,289,20,77,0,0,28000807,#J9PLCRUG,ANGRY SQUAD,16000027,7,14,266,270,,,,,,,
#GYVL22U2V,BEA,kayler123,0xff1ba5f5,3352,3352,29,5016,0,289,20,77,0,0,28000807,#J9PLCRUG,ANGRY SQUAD,16000029,1,1,18,18,,,,,,,
#GYVL22U2V,JACKY,kayler123,0xff1ba5f5,3352,3352,29,5016,0,289,20,77,0,0,28000807,#J9PLCRUG,ANGRY SQUAD,16000034,5,2,21,21,,,,,,,
#GYVL22U2V,EDGAR,kayler123,0xff1ba5f5,3352,3352,29,5016,0,289,20,77,0,0,28000807,#J9PLCRUG,ANGRY SQUAD,16000043,7,13,244,244,,,,,,,
#GYVL22U2V,STU,kayler123,0xff1ba5f5,3352,3352,29,5016,0,289,20,77,0,0,28000807,#J9PLCRUG,ANGRY SQUAD,16000045,9,13,244,248,,,,23000401.0,,,
#GYVL22U2V,BUZZ,kayler123,0xff1ba5f5,3352,3352,29,5016,0,289,20,77,0,0,28000807,#J9PLCRUG,ANGRY SQUAD,16000049,5,9,164,167,,,,,,,
#GYVL22U2V,GUS,kayler123,0xff1ba5f5,3352,3352,29,5016,0,289,20,77,0,0,28000807,#J9PLCRUG,ANGRY SQUAD,16000061,1,6,116,116,,,,,,,
#GYVL22U2V,LUMI,kayler123,0xff1ba5f5,3352,3352,29,5016,0,289,20,77,0,0,28000807,#J9PLCRUG,ANGRY SQUAD,16000091,5,14,261,263,,,,,,,
#GYVL22U2V,FINX,kayler123,0xff1ba5f5,3352,3352,29,5016,0,289,20,77,0,0,28000807,#J9PLCRUG,ANGRY SQUAD,16000092,1,11,205,205,,,,,,,
#LGLJCPVYG,SHELLY,ewok,0xffa8e132,2092,2093,24,3513,0,146,29,68,1,0,28000002,#22RUQCRJJ,Edgar's Club,16000000,5,10,185,185,,,,,,,
#LGLJCPVYG,COLT,ewok,0xffa8e132,2092,2093,24,3513,0,146,29,68,1,0,28000002,#22RUQCRJJ,Edgar's Club,16000001,1,2,27,27,,,,,,,
#LGLJCPVYG,BULL,ewok,0xffa8e132,2092,2093,24,3513,0,146,29,68,1,0,28000002,#22RUQCRJJ,Edgar's Club,16000002,5,4,68,68,,,,,,,
#LGLJCPVYG,BROCK,ewok,0xffa8e132,2092,2093,24,3513,0,146,29,68,1,0,28000002,#22RUQCRJJ,Edgar's Club,16000003,5,11,204,204,,,,,,,
#LGLJCPVYG,RICO,ewok,0xffa8e132,2092,2093,24,3513,0,146,29,68,1,0,28000002,#22RUQCRJJ,Edgar's Club,16000004,6,12,233,233,,,,,,,
#LGLJCPVYG,BARLEY,ewok,0xffa8e132,2092,2093,24,3513,0,146,29,68,1,0,28000002,#22RUQCRJJ,Edgar's Club,16000006,6,6,101,102,,,,,,,
#LGLJCPVYG,JESSIE,ewok,0xffa8e132,2092,2093,24,3513,0,146,29,68,1,0,28000002,#22RUQCRJJ,Edgar's Club,16000007,5,9,163,165,,,,,,,
#LGLJCPVYG,NITA,ewok,0xffa8e132,2092,2093,24,3513,0,146,29,68,1,0,28000002,#22RUQCRJJ,Edgar's Club,16000008,6,9,161,163,,,,,,,
#LGLJCPVYG,DYNAMIKE,ewok,0xffa8e132,2092,2093,24,3513,0,146,29,68,1,0,28000002,#22RUQCRJJ,Edgar's Club,16000009,1,1,0,0,,,,,,,
#LGLJCPVYG,EL PRIMO,ewok,0xffa8e132,2092,2093,24,3513,0,146,29,68,1,0,28000002,#22RUQCRJJ,Edgar's Club,16000010,6,10,181,181,,,,,,,
#LGLJCPVYG,POCO,ewok,0xffa8e132,2092,2093,24,3513,0,146,29,68,1,0,28000002,#22RUQCRJJ,Edgar's Club,16000013,5,12,226,226,,,,,,,
#LGLJCPVYG,DARRYL,ewok,0xffa8e132,2092,2093,24,3513,0,146,29,68,1,0,28000002,#22RUQCRJJ,Edgar's Club,16000018,7,10,199,199,,,,23000260.0,23000313.0,,
#LGLJCPVYG,PENNY,ewok,0xffa8e132,2092,2093,24,3513,0,146,29,68,1,0,28000002,#22RUQCRJJ,Edgar's Club,16000019,1,5,97,98,,,,,,,
#LGLJCPVYG,ROSA,ewok,0xffa8e132,2092,2093,24,3513,0,146,29,68,1,0,28000002,#22RUQCRJJ,Edgar's Club,16000024,1,1,0,0,,,,,,,
#LGLJCPVYG,CARL,ewok,0xffa8e132,2092,2093,24,3513,0,146,29,68,1,0,28000002,#22RUQCRJJ,Edgar's Club,16000025,5,5,95,95,,,,,,,
#LGLJCPVYG,JACKY,ewok,0xffa8e132,2092,2093,24,3513,0,146,29,68,1,0,28000002,#22RUQCRJJ,Edgar's Club,16000034,6,8,152,152,,,,,,,
#PG2CCG89U,SHELLY,YaSsi3N,0xffa8e132,22645,22645,135,94775,0,3658,609,704,7,0,28000222,#V9VPYRV8,Good Team🔥,16000000,9,28,538,543,62000002.0,DAMAGE,3.0,23000288.0,23000255.0,23000076.0,23000135.0
#PG2CCG89U,COLT,YaSsi3N,0xffa8e132,22645,22645,135,94775,0,3658,609,704,7,0,28000222,#V9VPYRV8,Good Team🔥,16000001,9,29,565,574,62000005.0,RELOAD SPEED,3.0,23000273.0,23000319.0,23000077.0,23000138.0
#PG2CCG89U,BULL,YaSsi3N,0xffa8e132,22645,22645,135,94775,0,3658,609,704,7,0,28000222,#V9VPYRV8,Good Team🔥,16000002,8,26,502,509,,,,23000310.0,,,
#PG2CCG89U,BROCK,YaSsi3N,0xffa8e132,22645,22645,135,94775,0,3658,609,704,7,0,28000222,#V9VPYRV8,Good Team🔥,16000003,9,29,529,567,62000002.0,DAMAGE,3.0,23000316.0,23000245.0,23000079.0,23000150.0
#PG2CCG89U,RICO,YaSsi3N,0xffa8e132,22645,22645,135,94775,0,3658,609,704,7,0,28000222,#V9VPYRV8,Good Team🔥,16000004,9,30,504,598,,,,23000409.0,23000246.0,,
#PG2CCG89U,SPIKE,YaSsi3N,0xffa8e132,22645,22645,135,94775,0,3658,609,704,7,0,28000222,#V9VPYRV8,Good Team🔥,16000005,8,24,461,464,62000002.0,DAMAGE,3.0,23000406.0,,,
#PG2CCG89U,BARLEY,YaSsi3N,0xffa8e132,22645,22645,135,94775,0,3658,609,704,7,0,28000222,#V9VPYRV8,Good Team🔥,16000006,9,27,499,539,,,,23000293.0,23000250.0,,
#PG2CCG89U,JESSIE,YaSsi3N,0xffa8e132,22645,22645,135,94775,0,3658,609,704,7,0,28000222,#V9VPYRV8,Good Team🔥,16000007,9,31,553,618,62000002.0,DAMAGE,3.0,23000295.0,23000251.0,23000149.0,
#PG2CCG89U,NITA,YaSsi3N,0xffa8e132,22645,22645,135,94775,0,3658,609,704,7,0,28000222,#V9VPYRV8,Good Team🔥,16000008,9,28,505,554,,,,23000249.0,,23000084.0,
#PG2CCG89U,DYNAMIKE,YaSsi3N,0xffa8e132,22645,22645,135,94775,0,3658,609,704,7,0,28000222,#V9VPYRV8,Good Team🔥,16000009,9,31,601,601,62000001.0,HEALTH,3.0,23000258.0,23000294.0,23000085.0,23000155.0
#PG2CCG89U,EL PRIMO,YaSsi3N,0xffa8e132,22645,22645,135,94775,0,3658,609,704,7,0,28000222,#V9VPYRV8,Good Team🔥,16000010,9,30,494,594,62000017.0,GADGET COOLDOWN,3.0,23000264.0,23000292.0,23000086.0,23000140.0
#PG2CCG89U,MORTIS,YaSsi3N,0xffa8e132,22645,22645,135,94775,0,3658,609,704,7,0,28000222,#V9VPYRV8,Good Team🔥,16000011,8,12,237,237,62000002.0,DAMAGE,3.0,23000265.0,23000290.0,,
#PG2CCG89U,POCO,YaSsi3N,0xffa8e132,22645,22645,135,94775,0,3658,609,704,7,0,28000222,#V9VPYRV8,Good Team🔥,16000013,9,26,500,519,,,,23000267.0,23000350.0,23000089.0,
#PG2CCG89U,BO,YaSsi3N,0xffa8e132,22645,22645,135,94775,0,3658,609,704,7,0,28000222,#V9VPYRV8,Good Team🔥,16000014,9,33,599,653,62000005.0,RELOAD SPEED,3.0,23000263.0,23000289.0,23000090.0,23000148.0
#PG2CCG89U,PIPER,YaSsi3N,0xffa8e132,22645,22645,135,94775,0,3658,609,704,7,0,28000222,#V9VPYRV8,Good Team🔥,16000015,9,28,545,548,62000004.0,SHIELD,3.0,23000268.0,23000291.0,23000152.0,
#PG2CCG89U,PAM,YaSsi3N,0xffa8e132,22645,22645,135,94775,0,3658,609,704,7,0,28000222,#V9VPYRV8,Good Team🔥,16000016,8,29,490,567,,,,23000257.0,23000404.0,,
#PG2CCG89U,TARA,YaSsi3N,0xffa8e132,22645,22645,135,94775,0,3658,609,704,7,0,28000222,#V9VPYRV8,Good Team🔥,16000017,9,21,412,416,62000002.0,DAMAGE,3.0,23000356.0,,23000093.0,
#PG2CCG89U,DARRYL,YaSsi3N,0xffa8e132,22645,22645,135,94775,0,3658,609,704,7,0,28000222,#V9VPYRV8,Good Team🔥,16000018,8,26,500,503,,,,23000313.0,,,
#PG2CCG89U,PENNY,YaSsi3N,0xffa8e132,22645,22645,135,94775,0,3658,609,704,7,0,28000222,#V9VPYRV8,Good Team🔥,16000019,9,27,500,528,,,,23000287.0,23000248.0,23000099.0,
#PG2CCG89U,FRANK,YaSsi3N,0xffa8e132,22645,22645,135,94775,0,3658,609,704,7,0,28000222,#V9VPYRV8,Good Team🔥,16000020,8,24,474,475,62000002.0,DAMAGE,3.0,23000351.0,,,
#PG2CCG89U,GENE,YaSsi3N,0xffa8e132,22645,22645,135,94775,0,3658,609,704,7,0,28000222,#V9VPYRV8,Good Team🔥,16000021,7,8,156,156,,,,23000252.0,,,
#PG2CCG89U,TICK,YaSsi3N,0xffa8e132,22645,22645,135,94775,0,3658,609,704,7,0,28000222,#V9VPYRV8,Good Team🔥,16000022,8,28,505,550,62000002.0,DAMAGE,3.0,23000355.0,23000253.0,,
#PG2CCG89U,ROSA,YaSsi3N,0xffa8e132,22645,22645,135,94775,0,3658,609,704,7,0,28000222,#V9VPYRV8,Good Team🔥,16000024,9,36,495,713,,,,23000348.0,23000242.0,23000124.0,23000147.0
#PG2CCG89U,CARL,YaSsi3N,0xffa8e132,22645,22645,135,94775,0,3658,609,704,7,0,28000222,#V9VPYRV8,Good Team🔥,16000025,8,22,435,438,,,,23000262.0,23000317.0,,
#PG2CCG89U,BIBI,YaSsi3N,0xffa8e132,22645,22645,135,94775,0,3658,609,704,7,0,28000222,#V9VPYRV8,Good Team🔥,16000026,8,14,263,263,62000004.0,SHIELD,3.0,23000275.0,,,
#PG2CCG89U,8-BIT,YaSsi3N,0xffa8e132,22645,22645,135,94775,0,3658,609,704,7,0,28000222,#V9VPYRV8,Good Team🔥,16000027,9,31,533,606,,,,23000259.0,23000318.0,23000168.0,
#PG2CCG89U,SANDY,YaSsi3N,0xffa8e132,22645,22645,135,94775,0,3658,609,704,7,0,28000222,#V9VPYRV8,Good Team🔥,16000028,8,26,500,515,,,,23000270.0,23000405.0,,
#PG2CCG89U,BEA,YaSsi3N,0xffa8e132,22645,22645,135,94775,0,3658,609,704,7,0,28000222,#V9VPYRV8,Good Team🔥,16000029,8,18,352,358,,,,23000271.0,23000312.0,,
#PG2CCG89U,EMZ,YaSsi3N,0xffa8e132,22645,22645,135,94775,0,3658,609,704,7,0,28000222,#V9VPYRV8,Good Team🔥,16000030,9,33,517,640,62000002.0,DAMAGE,3.0,23000274.0,,23000198.0,23000199.0
#PG2CCG89U,MR. P,YaSsi3N,0xffa8e132,22645,22645,135,94775,0,3658,609,704,7,0,28000222,#V9VPYRV8,Good Team🔥,16000031,7,11,212,214,,,,23000349.0,,,
#PG2CCG89U,MAX,YaSsi3N,0xffa8e132,22645,22645,135,94775,0,3658,609,704,7,0,28000222,#V9VPYRV8,Good Team🔥,16000032,8,26,500,512,,,,23000311.0,23000254.0,,
#PG2CCG89U,JACKY,YaSsi3N,0xffa8e132,22645,22645,135,94775,0,3658,609,704,7,0,28000222,#V9VPYRV8,Good Team🔥,16000034,8,24,466,466,,,,23000256.0,,,
#PG2CCG89U,GALE,YaSsi3N,0xffa8e132,22645,22645,135,94775,0,3658,609,704,7,0,28000222,#V9VPYRV8,Good Team🔥,16000035,8,17,339,339,,,,23000277.0,23000407.0,,
#PG2CCG89U,NANI,YaSsi3N,0xffa8e132,22645,22645,135,94775,0,3658,609,704,7,0,28000222,#V9VPYRV8,Good Team🔥,16000036,9,26,517,517,62000002.0,DAMAGE,3.0,23000278.0,23000353.0,23000235.0,
#PG2CCG89U,SPROUT,YaSsi3N,0xffa8e132,22645,22645,135,94775,0,3658,609,704,7,0,28000222,#V9VPYRV8,Good Team🔥,16000037,8,11,212,215,,,,23000315.0,23000244.0,,
#PG2CCG89U,SURGE,YaSsi3N,0xffa8e132,22645,22645,135,94775,0,3658,609,704,7,0,28000222,#V9VPYRV8,Good Team🔥,16000038,9,28,549,551,62000001.0,HEALTH,3.0,23000285.0,,23000284.0,
#PG2CCG89U,COLETTE,YaSsi3N,0xffa8e132,22645,22645,135,94775,0,3658,609,704,7,0,28000222,#V9VPYRV8,Good Team🔥,16000039,8,11,214,214,,,,23000457.0,,,
#PG2CCG89U,AMBER,YaSsi3N,0xffa8e132,22645,22645,135,94775,0,3658,609,704,7,0,28000222,#V9VPYRV8,Good Team🔥,16000040,8,29,570,570,62000001.0,HEALTH,3.0,23000309.0,23000488.0,,
#PG2CCG89U,LOU,YaSsi3N,0xffa8e132,22645,22645,135,94775,0,3658,609,704,7,0,28000222,#V9VPYRV8,Good Team🔥,16000041,8,11,208,213,,,,23000326.0,,,
#PG2CCG89U,BYRON,YaSsi3N,0xffa8e132,22645,22645,135,94775,0,3658,609,704,7,0,28000222,#V9VPYRV8,Good Team🔥,16000042,8,20,390,396,,,,23000333.0,,,
#PG2CCG89U,EDGAR,YaSsi3N,0xffa8e132,22645,22645,135,94775,0,3658,609,704,7,0,28000222,#V9VPYRV8,Good Team🔥,16000043,11,47,898,922,62000002.0,DAMAGE,3.0,23000403.0,,23000339.0,
#PG2CCG89U,RUFFS,YaSsi3N,0xffa8e132,22645,22645,135,94775,0,3658,609,704,7,0,28000222,#V9VPYRV8,Good Team🔥,16000044,8,8,140,140,,,,23000402.0,,,
#PG2CCG89U,STU,YaSsi3N,0xffa8e132,22645,22645,135,94775,0,3658,609,704,7,0,28000222,#V9VPYRV8,Good Team🔥,16000045,9,28,545,545,,,,23000364.0,23000401.0,23000362.0,23000363.0
#PG2CCG89U,BELLE,YaSsi3N,0xffa8e132,22645,22645,135,94775,0,3658,609,704,7,0,28000222,#V9VPYRV8,Good Team🔥,16000046,8,17,332,338,,,,23000371.0,,,
#PG2CCG89U,SQUEAK,YaSsi3N,0xffa8e132,22645,22645,135,94775,0,3658,609,704,7,0,28000222,#V9VPYRV8,Good Team🔥,16000047,7,13,246,249,,,,23000378.0,23000462.0,,
#PG2CCG89U,GROM,YaSsi3N,0xffa8e132,22645,22645,135,94775,0,3658,609,704,7,0,28000222,#V9VPYRV8,Good Team🔥,16000048,7,16,309,309,,,,23000460.0,,,
#PG2CCG89U,BUZZ,YaSsi3N,0xffa8e132,22645,22645,135,94775,0,3658,609,704,7,0,28000222,#V9VPYRV8,Good Team🔥,16000049,7,21,405,408,,,,23000392.0,23000490.0,,
#PG2CCG89U,GRIFF,YaSsi3N,0xffa8e132,22645,22645,135,94775,0,3658,609,704,7,0,28000222,#V9VPYRV8,Good Team🔥,16000050,7,19,375,375,,,,23000399.0,,,
#PG2CCG89U,ASH,YaSsi3N,0xffa8e132,22645,22645,135,94775,0,3658,609,704,7,0,28000222,#V9VPYRV8,Good Team🔥,16000051,8,20,383,383,,,,23000416.0,23000465.0,,
#PG2CCG89U,LOLA,YaSsi3N,0xffa8e132,22645,22645,135,94775,0,3658,609,704,7,0,28000222,#V9VPYRV8,Good Team🔥,16000053,8,9,175,175,,,,23000456.0,,,
#PG2CCG89U,EVE,YaSsi3N,0xffa8e132,22645,22645,135,94775,0,3658,609,704,7,0,28000222,#V9VPYRV8,Good Team🔥,16000056,8,13,249,253,,,,23000455.0,,,
#PG2CCG89U,BONNIE,YaSsi3N,0xffa8e132,22645,22645,135,94775,0,3658,609,704,7,0,28000222,#V9VPYRV8,Good Team🔥,16000058,8,11,205,205,,,,23000481.0,,,
#PG2CCG89U,GUS,YaSsi3N,0xffa8e132,22645,22645,135,94775,0,3658,609,704,7,0,28000222,#V9VPYRV8,Good Team🔥,16000061,8,7,133,133,,,,23000514.0,,,
#PG2CCG89U,MAISIE,YaSsi3N,0xffa8e132,22645,22645,135,94775,0,3658,609,704,7,0,28000222,#V9VPYRV8,Good Team🔥,16000068,8,11,204,204,,,,23000572.0,,,
#PG2CCG89U,HANK,YaSsi3N,0xffa8e132,22645,22645,135,94775,0,3658,609,704,7,0,28000222,#V9VPYRV8,Good Team🔥,16000069,1,1,0,0,,,,,,,
#PG2CCG89U,DOUG,YaSsi3N,0xffa8e132,22645,22645,135,94775,0,3658,609,704,7,0,28000222,#V9VPYRV8,Good Team🔥,16000071,8,3,45,45,62000002.0,DAMAGE,3.0,23000596.0,,,
#PG2CCG89U,ANGELO,YaSsi3N,0xffa8e132,22645,22645,135,94775,0,3658,609,704,7,0,28000222,#V9VPYRV8,Good Team🔥,16000079,4,1,4,4,,,,,,,
#PG2CCG89U,LILY,YaSsi3N,0xffa8e132,22645,22645,135,94775,0,3658,609,704,7,0,28000222,#V9VPYRV8,Good Team🔥,16000081,9,3,56,56,,,,,,,
#RPGJRPLP,SHELLY,TYB,0xff1ba5f5,2240,2242,39,8909,0,307,63,27,0,0,28000447,#GVRYUY9,FLEX TAPE,16000000,7,9,165,171,,,,,,,
#RPGJRPLP,COLT,TYB,0xff1ba5f5,2240,2242,39,8909,0,307,63,27,0,0,28000447,#GVRYUY9,FLEX TAPE,16000001,7,7,127,129,,,,23000319.0,,,
#RPGJRPLP,BULL,TYB,0xff1ba5f5,2240,2242,39,8909,0,307,63,27,0,0,28000447,#GVRYUY9,FLEX TAPE,16000002,7,14,273,278,,,,,,,
#RPGJRPLP,BROCK,TYB,0xff1ba5f5,2240,2242,39,8909,0,307,63,27,0,0,28000447,#GVRYUY9,FLEX TAPE,16000003,5,2,34,36,,,,,,,
#RPGJRPLP,RICO,TYB,0xff1ba5f5,2240,2242,39,8909,0,307,63,27,0,0,28000447,#GVRYUY9,FLEX TAPE,16000004,6,8,147,149,,,,,,,
#RPGJRPLP,BARLEY,TYB,0xff1ba5f5,2240,2242,39,8909,0,307,63,27,0,0,28000447,#GVRYUY9,FLEX TAPE,16000006,6,8,148,152,,,,,,,
#RPGJRPLP,JESSIE,TYB,0xff1ba5f5,2240,2242,39,8909,0,307,63,27,0,0,28000447,#GVRYUY9,FLEX TAPE,16000007,6,6,93,100,,,,,,,
#RPGJRPLP,NITA,TYB,0xff1ba5f5,2240,2242,39,8909,0,307,63,27,0,0,28000447,#GVRYUY9,FLEX TAPE,16000008,7,9,167,171,,,,,,,
#RPGJRPLP,DYNAMIKE,TYB,0xff1ba5f5,2240,2242,39,8909,0,307,63,27,0,0,28000447,#GVRYUY9,FLEX TAPE,16000009,8,8,151,151,,,,,,,
#RPGJRPLP,EL PRIMO,TYB,0xff1ba5f5,2240,2242,39,8909,0,307,63,27,0,0,28000447,#GVRYUY9,FLEX TAPE,16000010,6,9,150,173,,,,,,,
#RPGJRPLP,MORTIS,TYB,0xff1ba5f5,2240,2242,39,8909,0,307,63,27,0,0,28000447,#GVRYUY9,FLEX TAPE,16000011,6,8,141,143,,,,,,,
#RPGJRPLP,POCO,TYB,0xff1ba5f5,2240,2242,39,8909,0,307,63,27,0,0,28000447,#GVRYUY9,FLEX TAPE,16000013,6,4,63,65,,,,,,,
#RPGJRPLP,PIPER,TYB,0xff1ba5f5,2240,2242,39,8909,0,307,63,27,0,0,28000447,#GVRYUY9,FLEX TAPE,16000015,8,4,61,62,,,,,,,
#RPGJRPLP,PAM,TYB,0xff1ba5f5,2240,2242,39,8909,0,307,63,27,0,0,28000447,#GVRYUY9,FLEX TAPE,16000016,8,7,133,135,,,,,,,
#RPGJRPLP,DARRYL,TYB,0xff1ba5f5,2240,2242,39,8909,0,307,63,27,0,0,28000447,#GVRYUY9,FLEX TAPE,16000018,8,11,191,200,62000000.0,SPEED,3.0,,,,
#RPGJRPLP,PENNY,TYB,0xff1ba5f5,2240,2242,39,8909,0,307,63,27,0,0,28000447,#GVRYUY9,FLEX TAPE,16000019,8,3,41,41,,,,,,,
#RPGJRPLP,FRANK,TYB,0xff1ba5f5,2240,2242,39,8909,0,307,63,27,0,0,28000447,#GVRYUY9,FLEX TAPE,16000020,8,7,129,133,62000004.0,SHIELD,3.0,23000351.0,,,
#RPGJRPLP,ROSA,TYB,0xff1ba5f5,2240,2242,39,8909,0,307,63,27,0,0,28000447,#GVRYUY9,FLEX TAPE,16000024,8,1,18,18,,,,,,,
#RPGJRPLP,8-BIT,TYB,0xff1ba5f5,2240,2242,39,8909,0,307,63,27,0,0,28000447,#GVRYUY9,FLEX TAPE,16000027,4,1,0,0,,,,,,,
#RPGJRPLP,EMZ,TYB,0xff1ba5f5,2240,2242,39,8909,0,307,63,27,0,0,28000447,#GVRYUY9,FLEX TAPE,16000030,4,1,4,4,,,,,,,
#RPGJRPLP,JACKY,TYB,0xff1ba5f5,2240,2242,39,8909,0,307,63,27,0,0,28000447,#GVRYUY9,FLEX TAPE,16000034,4,1,0,0,,,,,,,
#RPGJRPLP,BUZZ,TYB,0xff1ba5f5,2240,2242,39,8909,0,307,63,27,0,0,28000447,#GVRYUY9,FLEX TAPE,16000049,4,1,4,4,,,,,,,
#RPGJRPLP,EVE,TYB,0xff1ba5f5,2240,2242,39,8909,0,307,63,27,0,0,28000447,#GVRYUY9,FLEX TAPE,16000056,4,1,0,0,,,,,,,
#GV0VYGP0,SHELLY,Lexiphea,0xffcb5aff,44790,44792,212,231573,0,12350,430,1839,5,0,28000170,#RL80U0VP,All stars,16000000,11,31,500,605,,,,23000255.0,23000288.0,23000076.0,23000135.0
#GV0VYGP0,COLT,Lexiphea,0xffcb5aff,44790,44792,212,231573,0,12350,430,1839,5,0,28000170,#RL80U0VP,All stars,16000001,10,33,650,650,62000005.0,RELOAD SPEED,3.0,23000273.0,23000319.0,23000077.0,23000138.0
#GV0VYGP0,BULL,Lexiphea,0xffcb5aff,44790,44792,212,231573,0,12350,430,1839,5,0,28000170,#RL80U0VP,All stars,16000002,9,30,494,594,,,,23000272.0,23000310.0,23000078.0,23000137.0
#GV0VYGP0,BROCK,Lexiphea,0xffcb5aff,44790,44792,212,231573,0,12350,430,1839,5,0,28000170,#RL80U0VP,All stars,16000003,10,29,553,565,62000002.0,DAMAGE,3.0,23000245.0,23000316.0,23000079.0,23000150.0
#GV0VYGP0,RICO,Lexiphea,0xffcb5aff,44790,44792,212,231573,0,12350,430,1839,5,0,28000170,#RL80U0VP,All stars,16000004,11,33,532,653,62000005.0,RELOAD SPEED,3.0,23000246.0,23000409.0,23000080.0,23000156.0
#GV0VYGP0,SPIKE,Lexiphea,0xffcb5aff,44790,44792,212,231573,0,12350,430,1839,5,0,28000170,#RL80U0VP,All stars,16000005,11,30,518,587,62000002.0,DAMAGE,3.0,23000247.0,23000406.0,23000081.0,23000151.0
#GV0VYGP0,BARLEY,Lexiphea,0xffcb5aff,44790,44792,212,231573,0,12350,430,1839,5,0,28000170,#RL80U0VP,All stars,16000006,9,30,489,580,,,,23000250.0,23000293.0,23000082.0,23000158.0
#GV0VYGP0,JESSIE,Lexiphea,0xffcb5aff,44790,44792,212,231573,0,12350,430,1839,5,0,28000170,#RL80U0VP,All stars,16000007,9,36,497,707,,,,23000251.0,23000295.0,23000083.0,23000149.0
#GV0VYGP0,NITA,Lexiphea,0xffcb5aff,44790,44792,212,231573,0,12350,430,1839,5,0,28000170,#RL80U0VP,All stars,16000008,11,38,530,756,62000002.0,DAMAGE,3.0,23000249.0,23000314.0,23000084.0,23000136.0
#GV0VYGP0,DYNAMIKE,Lexiphea,0xffcb5aff,44790,44792,212,231573,0,12350,430,1839,5,0,28000170,#RL80U0VP,All stars,16000009,10,29,531,573,62000002.0,DAMAGE,3.0,23000258.0,23000294.0,23000085.0,23000155.0
#GV0VYGP0,EL PRIMO,Lexiphea,0xffcb5aff,44790,44792,212,231573,0,12350,430,1839,5,0,28000170,#RL80U0VP,All stars,16000010,9,28,502,559,,,,23000264.0,23000292.0,23000086.0,23000140.0
#GV0VYGP0,MORTIS,Lexiphea,0xffcb5aff,44790,44792,212,231573,0,12350,430,1839,5,0,28000170,#RL80U0VP,All stars,16000011,11,36,702,707,62000002.0,DAMAGE,3.0,23000265.0,23000290.0,23000087.0,23000154.0
#GV0VYGP0,CROW,Lexiphea,0xffcb5aff,44790,44792,212,231573,0,12350,430,1839,5,0,28000170,#RL80U0VP,All stars,16000012,11,35,581,684,62000000.0,SPEED,3.0,23000243.0,23000286.0,23000088.0,23000143.0
#GV0VYGP0,POCO,Lexiphea,0xffcb5aff,44790,44792,212,231573,0,12350,430,1839,5,0,28000170,#RL80U0VP,All stars,16000013,10,33,587,640,62000002.0,DAMAGE,3.0,23000267.0,23000350.0,23000089.0,23000144.0
#GV0VYGP0,BO,Lexiphea,0xffcb5aff,44790,44792,212,231573,0,12350,430,1839,5,0,28000170,#RL80U0VP,All stars,16000014,10,30,524,592,62000000.0,SPEED,3.0,23000263.0,23000289.0,23000090.0,23000148.0
#GV0VYGP0,PIPER,Lexiphea,0xffcb5aff,44790,44792,212,231573,0,12350,430,1839,5,0,28000170,#RL80U0VP,All stars,16000015,9,30,524,587,,,,23000268.0,23000291.0,23000091.0,23000152.0
#GV0VYGP0,PAM,Lexiphea,0xffcb5aff,44790,44792,212,231573,0,12350,430,1839,5,0,28000170,#RL80U0VP,All stars,16000016,9,32,524,625,,,,23000257.0,23000404.0,23000092.0,23000139.0
#GV0VYGP0,TARA,Lexiphea,0xffcb5aff,44790,44792,212,231573,0,12350,430,1839,5,0,28000170,#RL80U0VP,All stars,16000017,9,30,511,596,,,,23000266.0,23000356.0,23000093.0,23000160.0
#GV0VYGP0,DARRYL,Lexiphea,0xffcb5aff,44790,44792,212,231573,0,12350,430,1839,5,0,28000170,#RL80U0VP,All stars,16000018,11,34,647,666,62000002.0,DAMAGE,3.0,23000260.0,23000313.0,23000094.0,23000157.0
#GV0VYGP0,PENNY,Lexiphea,0xffcb5aff,44790,44792,212,231573,0,12350,430,1839,5,0,28000170,#RL80U0VP,All stars,16000019,11,30,541,597,62000002.0,DAMAGE,3.0,23000248.0,23000287.0,23000099.0,23000142.0
#GV0VYGP0,FRANK,Lexiphea,0xffcb5aff,44790,44792,212,231573,0,12350,430,1839,5,0,28000170,#RL80U0VP,All stars,16000020,9,31,549,617,,,,23000261.0,23000351.0,23000104.0,23000153.0
#GV0VYGP0,GENE,Lexiphea,0xffcb5aff,44790,44792,212,231573,0,12350,430,1839,5,0,28000170,#RL80U0VP,All stars,16000021,11,31,521,607,62000003.0,VISION,3.0,23000252.0,23000352.0,23000109.0,23000159.0
#GV0VYGP0,TICK,Lexiphea,0xffcb5aff,44790,44792,212,231573,0,12350,430,1839,5,0,28000170,#RL80U0VP,All stars,16000022,9,31,524,601,,,,23000253.0,23000355.0,23000114.0,23000161.0
#GV0VYGP0,LEON,Lexiphea,0xffcb5aff,44790,44792,212,231573,0,12350,430,1839,5,0,28000170,#RL80U0VP,All stars,16000023,9,29,512,568,,,,23000276.0,23000408.0,23000119.0,23000141.0
#GV0VYGP0,ROSA,Lexiphea,0xffcb5aff,44790,44792,212,231573,0,12350,430,1839,5,0,28000170,#RL80U0VP,All stars,16000024,9,33,524,650,62000000.0,SPEED,3.0,23000242.0,23000348.0,23000124.0,23000147.0
#GV0VYGP0,CARL,Lexiphea,0xffcb5aff,44790,44792,212,231573,0,12350,430,1839,5,0,28000170,#RL80U0VP,All stars,16000025,11,35,667,693,62000002.0,DAMAGE,3.0,23000262.0,23000317.0,23000129.0,23000145.0
#GV0VYGP0,BIBI,Lexiphea,0xffcb5aff,44790,44792,212,231573,0,12350,430,1839,5,0,28000170,#RL80U0VP,All stars,16000026,9,31,524,613,,,,23000275.0,23000458.0,23000134.0,23000146.0
#GV0VYGP0,8-BIT,Lexiphea,0xffcb5aff,44790,44792,212,231573,0,12350,430,1839,5,0,28000170,#RL80U0VP,All stars,16000027,9,34,654,675,62000005.0,RELOAD SPEED,3.0,23000259.0,23000318.0,23000168.0,23000181.0
#GV0VYGP0,SANDY,Lexiphea,0xffcb5aff,44790,44792,212,231573,0,12350,430,1839,5,0,28000170,#RL80U0VP,All stars,16000028,9,30,524,597,,,,23000270.0,23000405.0,23000186.0,23000187.0
#GV0VYGP0,BEA,Lexiphea,0xffcb5aff,44790,44792,212,231573,0,12350,430,1839,5,0,28000170,#RL80U0VP,All stars,16000029,11,35,682,686,62000002.0,DAMAGE,3.0,23000271.0,23000312.0,23000192.0,23000193.0
#GV0VYGP0,EMZ,Lexiphea,0xffcb5aff,44790,44792,212,231573,0,12350,430,1839,5,0,28000170,#RL80U0VP,All stars,16000030,9,29,485,574,,,,23000274.0,23000459.0,23000198.0,23000199.0
#GV0VYGP0,MR. P,Lexiphea,0xffcb5aff,44790,44792,212,231573,0,12350,430,1839,5,0,28000170,#RL80U0VP,All stars,16000031,11,46,894,905,62000017.0,GADGET COOLDOWN,3.0,23000269.0,23000349.0,23000204.0,23000205.0
#GV0VYGP0,MAX,Lexiphea,0xffcb5aff,44790,44792,212,231573,0,12350,430,1839,5,0,28000170,#RL80U0VP,All stars,16000032,11,33,549,641,62000002.0,DAMAGE,3.0,23000254.0,23000311.0,23000210.0,23000211.0
#GV0VYGP0,JACKY,Lexiphea,0xffcb5aff,44790,44792,212,231573,0,12350,430,1839,5,0,28000170,#RL80U0VP,All stars,16000034,9,34,516,672,,,,23000256.0,23000486.0,23000222.0,23000223.0
#GV0VYGP0,GALE,Lexiphea,0xffcb5aff,44790,44792,212,231573,0,12350,430,1839,5,0,28000170,#RL80U0VP,All stars,16000035,9,27,527,536,,,,23000277.0,23000407.0,23000228.0,23000229.0
#GV0VYGP0,NANI,Lexiphea,0xffcb5aff,44790,44792,212,231573,0,12350,430,1839,5,0,28000170,#RL80U0VP,All stars,16000036,11,31,514,607,62000002.0,DAMAGE,3.0,23000278.0,23000353.0,23000234.0,23000235.0
#GV0VYGP0,SPROUT,Lexiphea,0xffcb5aff,44790,44792,212,231573,0,12350,430,1839,5,0,28000170,#RL80U0VP,All stars,16000037,9,30,500,592,,,,23000244.0,23000315.0,23000240.0,23000241.0
#GV0VYGP0,SURGE,Lexiphea,0xffcb5aff,44790,44792,212,231573,0,12350,430,1839,5,0,28000170,#RL80U0VP,All stars,16000038,10,33,537,640,62000000.0,SPEED,3.0,23000285.0,23000485.0,23000283.0,23000284.0
#GV0VYGP0,COLETTE,Lexiphea,0xffcb5aff,44790,44792,212,231573,0,12350,430,1839,5,0,28000170,#RL80U0VP,All stars,16000039,11,29,518,566,62000002.0,DAMAGE,3.0,23000302.0,23000457.0,23000300.0,23000301.0
#GV0VYGP0,AMBER,Lexiphea,0xffcb5aff,44790,44792,212,231573,0,12350,430,1839,5,0,28000170,#RL80U0VP,All stars,16000040,11,32,548,635,62000002.0,DAMAGE,3.0,23000309.0,23000488.0,23000307.0,23000308.0
#GV0VYGP0,LOU,Lexiphea,0xffcb5aff,44790,44792,212,231573,0,12350,430,1839,5,0,28000170,#RL80U0VP,All stars,16000041,9,27,497,528,,,,23000326.0,23000400.0,23000324.0,23000325.0
#GV0VYGP0,BYRON,Lexiphea,0xffcb5aff,44790,44792,212,231573,0,12350,430,1839,5,0,28000170,#RL80U0VP,All stars,16000042,11,34,676,676,62000002.0,DAMAGE,3.0,23000333.0,23000461.0,23000331.0,23000332.0
#GV0VYGP0,EDGAR,Lexiphea,0xffcb5aff,44790,44792,212,231573,0,12350,430,1839,5,0,28000170,#RL80U0VP,All stars,16000043,9,31,513,601,,,,23000340.0,23000403.0,23000338.0,23000339.0
#GV0VYGP0,RUFFS,Lexiphea,0xffcb5aff,44790,44792,212,231573,0,12350,430,1839,5,0,28000170,#RL80U0VP,All stars,16000044,11,31,551,615,62000002.0,DAMAGE,3.0,23000347.0,23000402.0,23000345.0,23000346.0
#GV0VYGP0,STU,Lexiphea,0xffcb5aff,44790,44792,212,231573,0,12350,430,1839,5,0,28000170,#RL80U0VP,All stars,16000045,11,36,549,700,62000002.0,DAMAGE,3.0,23000364.0,23000401.0,23000362.0,23000363.0
#GV0VYGP0,BELLE,Lexiphea,0xffcb5aff,44790,44792,212,231573,0,12350,430,1839,5,0,28000170,#RL80U0VP,All stars,16000046,10,30,549,597,62000005.0,RELOAD SPEED,3.0,23000371.0,23000463.0,23000369.0,23000370.0
#GV0VYGP0,SQUEAK,Lexiphea,0xffcb5aff,44790,44792,212,231573,0,12350,430,1839,5,0,28000170,#RL80U0VP,All stars,16000047,9,27,504,525,,,,23000378.0,23000462.0,23000376.0,23000377.0
#GV0VYGP0,GROM,Lexiphea,0xffcb5aff,44790,44792,212,231573,0,12350,430,1839,5,0,28000170,#RL80U0VP,All stars,16000048,9,27,522,534,62000002.0,DAMAGE,3.0,23000385.0,23000460.0,23000383.0,23000384.0
#GV0VYGP0,BUZZ,Lexiphea,0xffcb5aff,44790,44792,212,231573,0,12350,430,1839,5,0,28000170,#RL80U0VP,All stars,16000049,10,32,635,635,62000000.0,SPEED,3.0,23000392.0,23000490.0,23000390.0,23000391.0
#GV0VYGP0,GRIFF,Lexiphea,0xffcb5aff,44790,44792,212,231573,0,12350,430,1839,5,0,28000170,#RL80U0VP,All stars,16000050,11,36,623,702,62000002.0,DAMAGE,3.0,23000399.0,23000487.0,23000397.0,23000398.0
#GV0VYGP0,ASH,Lexiphea,0xffcb5aff,44790,44792,212,231573,0,12350,430,1839,5,0,28000170,#RL80U0VP,All stars,16000051,11,40,787,787,62000002.0,DAMAGE,3.0,23000416.0,23000465.0,23000414.0,23000415.0
#GV0VYGP0,MEG,Lexiphea,0xffcb5aff,44790,44792,212,231573,0,12350,430,1839,5,0,28000170,#RL80U0VP,All stars,16000052,11,29,549,572,62000002.0,DAMAGE,3.0,23000423.0,23000489.0,23000421.0,23000422.0
#GV0VYGP0,LOLA,Lexiphea,0xffcb5aff,44790,44792,212,231573,0,12350,430,1839,5,0,28000170,#RL80U0VP,All stars,16000053,11,32,531,628,62000002.0,DAMAGE,3.0,23000433.0,23000456.0,23000431.0,23000432.0
#GV0VYGP0,FANG,Lexiphea,0xffcb5aff,44790,44792,212,231573,0,12350,430,1839,5,0,28000170,#RL80U0VP,All stars,16000054,9,25,467,481,,,,23000440.0,23000464.0,23000438.0,23000439.0
#GV0VYGP0,EVE,Lexiphea,0xffcb5aff,44790,44792,212,231573,0,12350,430,1839,5,0,28000170,#RL80U0VP,All stars,16000056,11,31,535,612,62000002.0,DAMAGE,3.0,23000454.0,23000455.0,23000452.0,23000453.0
#GV0VYGP0,JANET,Lexiphea,0xffcb5aff,44790,44792,212,231573,0,12350,430,1839,5,0,28000170,#RL80U0VP,All stars,16000057,10,34,524,666,62000002.0,DAMAGE,3.0,23000472.0,23000473.0,23000470.0,23000471.0
#GV0VYGP0,BONNIE,Lexiphea,0xffcb5aff,44790,44792,212,231573,0,12350,430,1839,5,0,28000170,#RL80U0VP,All stars,16000058,11,33,525,652,62000002.0,DAMAGE,3.0,23000480.0,23000481.0,23000478.0,23000479.0
#GV0VYGP0,OTIS,Lexiphea,0xffcb5aff,44790,44792,212,231573,0,12350,430,1839,5,0,28000170,#RL80U0VP,All stars,16000059,11,35,512,684,62000002.0,DAMAGE,3.0,23000497.0,23000498.0,23000495.0,23000496.0
#GV0VYGP0,SAM,Lexiphea,0xffcb5aff,44790,44792,212,231573,0,12350,430,1839,5,0,28000170,#RL80U0VP,All stars,16000060,9,21,404,404,,,,23000505.0,23000506.0,23000503.0,23000504.0
#GV0VYGP0,GUS,Lexiphea,0xffcb5aff,44790,44792,212,231573,0,12350,430,1839,5,0,28000170,#RL80U0VP,All stars,16000061,11,28,547,550,62000002.0,DAMAGE,3.0,23000513.0,23000514.0,23000511.0,23000512.0
#GV0VYGP0,BUSTER,Lexiphea,0xffcb5aff,44790,44792,212,231573,0,12350,430,1839,5,0,28000170,#RL80U0VP,All stars,16000062,9,18,338,340,,,,23000522.0,,23000519.0,23000520.0
#GV0VYGP0,CHESTER,Lexiphea,0xffcb5aff,44790,44792,212,231573,0,12350,430,1839,5,0,28000170,#RL80U0VP,All stars,16000063,11,45,887,889,62000002.0,DAMAGE,3.0,23000529.0,23000530.0,23000527.0,23000528.0
#GV0VYGP0,GRAY,Lexiphea,0xffcb5aff,44790,44792,212,231573,0,12350,430,1839,5,0,28000170,#RL80U0VP,All stars,16000064,11,24,463,463,62000002.0,DAMAGE,3.0,23000537.0,23000538.0,23000535.0,23000536.0
#GV0VYGP0,MANDY,Lexiphea,0xffcb5aff,44790,44792,212,231573,0,12350,430,1839,5,0,28000170,#RL80U0VP,All stars,16000065,11,19,367,367,62000002.0,DAMAGE,3.0,23000545.0,23000546.0,23000543.0,23000544.0
#GV0VYGP0,R-T,Lexiphea,0xffcb5aff,44790,44792,212,231573,0,12350,430,1839,5,0,28000170,#RL80U0VP,All stars,16000066,9,15,297,297,,,,23000555.0,23000556.0,23000553.0,23000554.0
#GV0VYGP0,WILLOW,Lexiphea,0xffcb5aff,44790,44792,212,231573,0,12350,430,1839,5,0,28000170,#RL80U0VP,All stars,16000067,8,7,118,120,,,,23000563.0,23000564.0,,
#GV0VYGP0,MAISIE,Lexiphea,0xffcb5aff,44790,44792,212,231573,0,12350,430,1839,5,0,28000170,#RL80U0VP,All stars,16000068,11,30,597,597,62000002.0,DAMAGE,3.0,23000571.0,23000572.0,23000569.0,23000570.0
#GV0VYGP0,HANK,Lexiphea,0xffcb5aff,44790,44792,212,231573,0,12350,430,1839,5,0,28000170,#RL80U0VP,All stars,16000069,9,13,252,252,62000000.0,SPEED,3.0,23000579.0,,23000577.0,23000578.0
#GV0VYGP0,CORDELIUS,Lexiphea,0xffcb5aff,44790,44792,212,231573,0,12350,430,1839,5,0,28000170,#RL80U0VP,All stars,16000070,11,33,524,648,62000002.0,DAMAGE,3.0,23000587.0,23000588.0,23000585.0,23000586.0
#GV0VYGP0,DOUG,Lexiphea,0xffcb5aff,44790,44792,212,231573,0,12350,430,1839,5,0,28000170,#RL80U0VP,All stars,16000071,9,24,472,472,62000000.0,SPEED,3.0,23000595.0,23000596.0,23000593.0,23000594.0
#GV0VYGP0,PEARL,Lexiphea,0xffcb5aff,44790,44792,212,231573,0,12350,430,1839,5,0,28000170,#RL80U0VP,All stars,16000072,11,16,316,316,62000002.0,DAMAGE,3.0,23000603.0,23000604.0,23000601.0,23000602.0
#GV0VYGP0,CHUCK,Lexiphea,0xffcb5aff,44790,44792,212,231573,0,12350,430,1839,5,0,28000170,#RL80U0VP,All stars,16000073,9,22,427,427,,,,23000611.0,23000612.0,23000609.0,23000610.0
#GV0VYGP0,CHARLIE,Lexiphea,0xffcb5aff,44790,44792,212,231573,0,12350,430,1839,5,0,28000170,#RL80U0VP,All stars,16000074,11,25,494,494,62000002.0,DAMAGE,3.0,23000625.0,23000626.0,23000623.0,
#GV0VYGP0,MICO,Lexiphea,0xffcb5aff,44790,44792,212,231573,0,12350,430,1839,5,0,28000170,#RL80U0VP,All stars,16000075,11,24,465,465,62000002.0,DAMAGE,3.0,23000639.0,23000640.0,23000637.0,23000638.0
#GV0VYGP0,KIT,Lexiphea,0xffcb5aff,44790,44792,212,231573,0,12350,430,1839,5,0,28000170,#RL80U0VP,All stars,16000076,9,31,574,618,62000002.0,DAMAGE,3.0,23000648.0,23000649.0,23000646.0,23000647.0
#GV0VYGP0,LARRY & LAWRIE,Lexiphea,0xffcb5aff,44790,44792,212,231573,0,12350,430,1839,5,0,28000170,#RL80U0VP,All stars,16000077,11,22,439,439,62000002.0,DAMAGE,3.0,23000661.0,23000662.0,23000659.0,23000660.0
#GV0VYGP0,MELODIE,Lexiphea,0xffcb5aff,44790,44792,212,231573,0,12350,430,1839,5,0,28000170,#RL80U0VP,All stars,16000078,11,23,444,450,62000017.0,GADGET COOLDOWN,3.0,23000669.0,23000670.0,23000667.0,23000668.0
#GV0VYGP0,ANGELO,Lexiphea,0xffcb5aff,44790,44792,212,231573,0,12350,430,1839,5,0,28000170,#RL80U0VP,All stars,16000079,11,36,706,706,62000002.0,DAMAGE,3.0,23000677.0,23000678.0,23000675.0,23000676.0
#GV0VYGP0,DRACO,Lexiphea,0xffcb5aff,44790,44792,212,231573,0,12350,430,1839,5,0,28000170,#RL80U0VP,All stars,16000080,1,1,0,0,,,,,,,
#GV0VYGP0,LILY,Lexiphea,0xffcb5aff,44790,44792,212,231573,0,12350,430,1839,5,0,28000170,#RL80U0VP,All stars,16000081,8,8,150,150,,,,23000754.0,23000755.0,,
#GV0VYGP0,BERRY,Lexiphea,0xffcb5aff,44790,44792,212,231573,0,12350,430,1839,5,0,28000170,#RL80U0VP,All stars,16000082,11,34,666,674,62000002.0,DAMAGE,3.0,23000766.0,23000767.0,23000764.0,23000765.0
#GV0VYGP0,CLANCY,Lexiphea,0xffcb5aff,44790,44792,212,231573,0,12350,430,1839,5,0,28000170,#RL80U0VP,All stars,16000083,9,13,255,257,,,,23000774.0,23000775.0,23000772.0,23000773.0
#GV0VYGP0,MOE,Lexiphea,0xffcb5aff,44790,44792,212,231573,0,12350,430,1839,5,0,28000170,#RL80U0VP,All stars,16000084,11,21,404,404,62000002.0,DAMAGE,3.0,23000806.0,23000807.0,23000804.0,23000805.0
#GV0VYGP0,KENJI,Lexiphea,0xffcb5aff,44790,44792,212,231573,0,12350,430,1839,5,0,28000170,#RL80U0VP,All stars,16000085,11,41,814,814,62000002.0,DAMAGE,3.0,23000817.0,23000818.0,23000815.0,23000816.0
#GV0VYGP0,SHADE,Lexiphea,0xffcb5aff,44790,44792,212,231573,0,12350,430,1839,5,0,28000170,#RL80U0VP,All stars,16000086,8,4,63,63,,,,23000834.0,23000835.0,,
#GV0VYGP0,JUJU,Lexiphea,0xffcb5aff,44790,44792,212,231573,0,12350,430,1839,5,0,28000170,#RL80U0VP,All stars,16000087,11,19,374,374,62000002.0,DAMAGE,3.0,23000850.0,23000851.0,23000848.0,23000849.0
#GV0VYGP0,MEEPLE,Lexiphea,0xffcb5aff,44790,44792,212,231573,0,12350,430,1839,5,0,28000170,#RL80U0VP,All stars,16000089,11,6,107,107,62000002.0,DAMAGE,3.0,23000877.0,23000878.0,23000875.0,
#GV0VYGP0,OLLIE,Lexiphea,0xffcb5aff,44790,44792,212,231573,0,12350,430,1839,5,0,28000170,#RL80U0VP,All stars,16000090,11,30,571,580,62000002.0,DAMAGE,3.0,23000885.0,23000886.0,23000884.0,
#GV0VYGP0,FINX,Lexiphea,0xffcb5aff,44790,44792,212,231573,0,12350,430,1839,5,0,28000170,#RL80U0VP,All stars,16000092,1,1,0,0,,,,,,,
#9U2JV20RP,SHELLY,사냥의시작이야,0xff4ddba2,40146,40222,156,125899,0,7097,870,369,5,0,28000132,#2VR8GVGRV,Tkメ,16000000,11,51,1000,1016,62000000.0,SPEED,3.0,23000288.0,,23000076.0,23000135.0
#9U2JV20RP,COLT,사냥의시작이야,0xff4ddba2,40146,40222,156,125899,0,7097,870,369,5,0,28000132,#2VR8GVGRV,Tkメ,16000001,11,51,1000,1001,62000002.0,DAMAGE,3.0,23000273.0,23000319.0,23000077.0,23000138.0
#9U2JV20RP,BULL,사냥의시작이야,0xff4ddba2,40146,40222,156,125899,0,7097,870,369,5,0,28000132,#2VR8GVGRV,Tkメ,16000002,11,51,1000,1008,62000002.0,DAMAGE,3.0,23000272.0,23000310.0,23000078.0,
#9U2JV20RP,BROCK,사냥의시작이야,0xff4ddba2,40146,40222,156,125899,0,7097,870,369,5,0,28000132,#2VR8GVGRV,Tkメ,16000003,11,32,630,636,62000004.0,SHIELD,3.0,23000316.0,23000245.0,23000150.0,
#9U2JV20RP,RICO,사냥의시작이야,0xff4ddba2,40146,40222,156,125899,0,7097,870,369,5,0,28000132,#2VR8GVGRV,Tkメ,16000004,8,21,402,402,,,,23000409.0,23000246.0,,
#9U2JV20RP,SPIKE,사냥의시작이야,0xff4ddba2,40146,40222,156,125899,0,7097,870,369,5,0,28000132,#2VR8GVGRV,Tkメ,16000005,10,51,1000,1007,62000002.0,DAMAGE,3.0,23000406.0,23000247.0,23000151.0,
#9U2JV20RP,BARLEY,사냥의시작이야,0xff4ddba2,40146,40222,156,125899,0,7097,870,369,5,0,28000132,#2VR8GVGRV,Tkメ,16000006,8,25,489,489,,,,23000293.0,,,
#9U2JV20RP,JESSIE,사냥의시작이야,0xff4ddba2,40146,40222,156,125899,0,7097,870,369,5,0,28000132,#2VR8GVGRV,Tkメ,16000007,8,23,446,446,,,,23000251.0,,,
#9U2JV20RP,NITA,사냥의시작이야,0xff4ddba2,40146,40222,156,125899,0,7097,870,369,5,0,28000132,#2VR8GVGRV,Tkメ,16000008,8,32,508,620,,,,23000314.0,23000249.0,,
#9U2JV20RP,DYNAMIKE,사냥의시작이야,0xff4ddba2,40146,40222,156,125899,0,7097,870,369,5,0,28000132,#2VR8GVGRV,Tkメ,16000009,10,27,500,537,62000002.0,DAMAGE,3.0,23000258.0,23000294.0,23000085.0,23000155.0
#9U2JV20RP,EL PRIMO,사냥의시작이야,0xff4ddba2,40146,40222,156,125899,0,7097,870,369,5,0,28000132,#2VR8GVGRV,Tkメ,16000010,8,27,497,531,,,,23000264.0,23000292.0,,
#9U2JV20RP,MORTIS,사냥의시작이야,0xff4ddba2,40146,40222,156,125899,0,7097,870,369,5,0,28000132,#2VR8GVGRV,Tkメ,16000011,8,16,303,305,,,,23000265.0,,,
#9U2JV20RP,CROW,사냥의시작이야,0xff4ddba2,40146,40222,156,125899,0,7097,870,369,5,0,28000132,#2VR8GVGRV,Tkメ,16000012,4,16,301,301,,,,,,,
#9U2JV20RP,POCO,사냥의시작이야,0xff4ddba2,40146,40222,156,125899,0,7097,870,369,5,0,28000132,#2VR8GVGRV,Tkメ,16000013,8,26,496,505,,,,23000267.0,23000350.0,,
#9U2JV20RP,BO,사냥의시작이야,0xff4ddba2,40146,40222,156,125899,0,7097,870,369,5,0,28000132,#2VR8GVGRV,Tkメ,16000014,9,29,500,571,,,,23000289.0,,23000090.0,23000148.0
#9U2JV20RP,PIPER,사냥의시작이야,0xff4ddba2,40146,40222,156,125899,0,7097,870,369,5,0,28000132,#2VR8GVGRV,Tkメ,16000015,11,47,919,932,62000002.0,DAMAGE,3.0,23000268.0,23000291.0,23000091.0,23000152.0
#9U2JV20RP,PAM,사냥의시작이야,0xff4ddba2,40146,40222,156,125899,0,7097,870,369,5,0,28000132,#2VR8GVGRV,Tkメ,16000016,8,21,407,407,,,,,,,
#9U2JV20RP,TARA,사냥의시작이야,0xff4ddba2,40146,40222,156,125899,0,7097,870,369,5,0,28000132,#2VR8GVGRV,Tkメ,16000017,8,27,500,525,,,,23000266.0,23000356.0,,
#9U2JV20RP,DARRYL,사냥의시작이야,0xff4ddba2,40146,40222,156,125899,0,7097,870,369,5,0,28000132,#2VR8GVGRV,Tkメ,16000018,8,28,548,548,,,,23000260.0,,,
#9U2JV20RP,PENNY,사냥의시작이야,0xff4ddba2,40146,40222,156,125899,0,7097,870,369,5,0,28000132,#2VR8GVGRV,Tkメ,16000019,8,29,516,571,,,,,,,
#9U2JV20RP,FRANK,사냥의시작이야,0xff4ddba2,40146,40222,156,125899,0,7097,870,369,5,0,28000132,#2VR8GVGRV,Tkメ,16000020,11,51,1000,1108,62000002.0,DAMAGE,3.0,23000261.0,23000351.0,23000104.0,23000153.0
#9U2JV20RP,GENE,사냥의시작이야,0xff4ddba2,40146,40222,156,125899,0,7097,870,369,5,0,28000132,#2VR8GVGRV,Tkメ,16000021,8,21,405,405,,,,23000352.0,23000252.0,,
#9U2JV20RP,TICK,사냥의시작이야,0xff4ddba2,40146,40222,156,125899,0,7097,870,369,5,0,28000132,#2VR8GVGRV,Tkメ,16000022,10,36,702,702,62000007.0,THICC HEAD,3.0,23000355.0,23000253.0,23000114.0,23000161.0
#9U2JV20RP,LEON,사냥의시작이야,0xff4ddba2,40146,40222,156,125899,0,7097,870,369,5,0,28000132,#2VR8GVGRV,Tkメ,16000023,11,51,1000,1003,62000002.0,DAMAGE,3.0,23000276.0,23000408.0,23000119.0,23000141.0
#9U2JV20RP,ROSA,사냥의시작이야,0xff4ddba2,40146,40222,156,125899,0,7097,870,369,5,0,28000132,#2VR8GVGRV,Tkメ,16000024,8,27,500,522,,,,23000242.0,,,
#9U2JV20RP,CARL,사냥의시작이야,0xff4ddba2,40146,40222,156,125899,0,7097,870,369,5,0,28000132,#2VR8GVGRV,Tkメ,16000025,7,21,406,406,,,,,,,
#9U2JV20RP,BIBI,사냥의시작이야,0xff4ddba2,40146,40222,156,125899,0,7097,870,369,5,0,28000132,#2VR8GVGRV,Tkメ,16000026,11,51,1000,1014,62000017.0,GADGET COOLDOWN,3.0,23000275.0,,23000134.0,
#9U2JV20RP,8-BIT,사냥의시작이야,0xff4ddba2,40146,40222,156,125899,0,7097,870,369,5,0,28000132,#2VR8GVGRV,Tkメ,16000027,8,27,500,526,,,,,,,
#9U2JV20RP,SANDY,사냥의시작이야,0xff4ddba2,40146,40222,156,125899,0,7097,870,369,5,0,28000132,#2VR8GVGRV,Tkメ,16000028,11,51,1000,1002,62000002.0,DAMAGE,3.0,23000405.0,,23000186.0,23000187.0
#9U2JV20RP,BEA,사냥의시작이야,0xff4ddba2,40146,40222,156,125899,0,7097,870,369,5,0,28000132,#2VR8GVGRV,Tkメ,16000029,8,27,520,529,,,,23000312.0,,,
#9U2JV20RP,EMZ,사냥의시작이야,0xff4ddba2,40146,40222,156,125899,0,7097,870,369,5,0,28000132,#2VR8GVGRV,Tkメ,16000030,7,21,406,406,,,,,,,
#9U2JV20RP,MR. P,사냥의시작이야,0xff4ddba2,40146,40222,156,125899,0,7097,870,369,5,0,28000132,#2VR8GVGRV,Tkメ,16000031,8,21,400,400,,,,23000349.0,,,
#9U2JV20RP,MAX,사냥의시작이야,0xff4ddba2,40146,40222,156,125899,0,7097,870,369,5,0,28000132,#2VR8GVGRV,Tkメ,16000032,6,16,301,301,,,,,,,
#9U2JV20RP,JACKY,사냥의시작이야,0xff4ddba2,40146,40222,156,125899,0,7097,870,369,5,0,28000132,#2VR8GVGRV,Tkメ,16000034,7,26,497,503,,,,23000486.0,,,
#9U2JV20RP,GALE,사냥의시작이야,0xff4ddba2,40146,40222,156,125899,0,7097,870,369,5,0,28000132,#2VR8GVGRV,Tkメ,16000035,10,28,499,558,62000002.0,DAMAGE,3.0,23000277.0,23000407.0,23000228.0,23000229.0
#9U2JV20RP,NANI,사냥의시작이야,0xff4ddba2,40146,40222,156,125899,0,7097,870,369,5,0,28000132,#2VR8GVGRV,Tkメ,16000036,7,21,400,400,,,,23000353.0,,,
#9U2JV20RP,SPROUT,사냥의시작이야,0xff4ddba2,40146,40222,156,125899,0,7097,870,369,5,0,28000132,#2VR8GVGRV,Tkメ,16000037,7,21,400,400,,,,,,,
#9U2JV20RP,SURGE,사냥의시작이야,0xff4ddba2,40146,40222,156,125899,0,7097,870,369,5,0,28000132,#2VR8GVGRV,Tkメ,16000038,11,51,1000,1002,62000002.0,DAMAGE,3.0,23000285.0,23000485.0,23000283.0,23000284.0
#9U2JV20RP,COLETTE,사냥의시작이야,0xff4ddba2,40146,40222,156,125899,0,7097,870,369,5,0,28000132,#2VR8GVGRV,Tkメ,16000039,11,51,1000,1001,62000003.0,VISION,3.0,23000302.0,23000457.0,23000300.0,23000301.0
#9U2JV20RP,AMBER,사냥의시작이야,0xff4ddba2,40146,40222,156,125899,0,7097,870,369,5,0,28000132,#2VR8GVGRV,Tkメ,16000040,4,16,300,300,,,,,,,
#9U2JV20RP,LOU,사냥의시작이야,0xff4ddba2,40146,40222,156,125899,0,7097,870,369,5,0,28000132,#2VR8GVGRV,Tkメ,16000041,7,24,476,476,,,,23000326.0,,,
#9U2JV20RP,BYRON,사냥의시작이야,0xff4ddba2,40146,40222,156,125899,0,7097,870,369,5,0,28000132,#2VR8GVGRV,Tkメ,16000042,7,21,402,402,,,,23000333.0,,,
#9U2JV20RP,EDGAR,사냥의시작이야,0xff4ddba2,40146,40222,156,125899,0,7097,870,369,5,0,28000132,#2VR8GVGRV,Tkメ,16000043,11,51,1000,1044,62000006.0,SUPER CHARGE,3.0,23000340.0,23000403.0,23000338.0,23000339.0
#9U2JV20RP,STU,사냥의시작이야,0xff4ddba2,40146,40222,156,125899,0,7097,870,369,5,0,28000132,#2VR8GVGRV,Tkメ,16000045,11,51,1000,1012,62000002.0,DAMAGE,3.0,23000364.0,23000401.0,23000362.0,23000363.0
#9U2JV20RP,BELLE,사냥의시작이야,0xff4ddba2,40146,40222,156,125899,0,7097,870,369,5,0,28000132,#2VR8GVGRV,Tkメ,16000046,1,17,338,338,,,,,,,
#9U2JV20RP,SQUEAK,사냥의시작이야,0xff4ddba2,40146,40222,156,125899,0,7097,870,369,5,0,28000132,#2VR8GVGRV,Tkメ,16000047,1,16,300,300,,,,,,,
#9U2JV20RP,GROM,사냥의시작이야,0xff4ddba2,40146,40222,156,125899,0,7097,870,369,5,0,28000132,#2VR8GVGRV,Tkメ,16000048,7,21,402,402,,,,23000460.0,,,
#9U2JV20RP,BUZZ,사냥의시작이야,0xff4ddba2,40146,40222,156,125899,0,7097,870,369,5,0,28000132,#2VR8GVGRV,Tkメ,16000049,11,51,1000,1009,62000002.0,DAMAGE,3.0,23000392.0,23000490.0,23000390.0,23000391.0
#9U2JV20RP,GRIFF,사냥의시작이야,0xff4ddba2,40146,40222,156,125899,0,7097,870,369,5,0,28000132,#2VR8GVGRV,Tkメ,16000050,7,21,410,410,,,,23000399.0,,,
#9U2JV20RP,ASH,사냥의시작이야,0xff4ddba2,40146,40222,156,125899,0,7097,870,369,5,0,28000132,#2VR8GVGRV,Tkメ,16000051,7,21,401,401,,,,,,,
#9U2JV20RP,LOLA,사냥의시작이야,0xff4ddba2,40146,40222,156,125899,0,7097,870,369,5,0,28000132,#2VR8GVGRV,Tkメ,16000053,1,16,306,306,,,,,,,
#9U2JV20RP,FANG,사냥의시작이야,0xff4ddba2,40146,40222,156,125899,0,7097,870,369,5,0,28000132,#2VR8GVGRV,Tkメ,16000054,1,16,300,301,,,,,,,
#9U2JV20RP,EVE,사냥의시작이야,0xff4ddba2,40146,40222,156,125899,0,7097,870,369,5,0,28000132,#2VR8GVGRV,Tkメ,16000056,1,16,302,302,,,,,,,
#9U2JV20RP,BONNIE,사냥의시작이야,0xff4ddba2,40146,40222,156,125899,0,7097,870,369,5,0,28000132,#2VR8GVGRV,Tkメ,16000058,7,21,401,401,,,,,,,
#9U2JV20RP,OTIS,사냥의시작이야,0xff4ddba2,40146,40222,156,125899,0,7097,870,369,5,0,28000132,#2VR8GVGRV,Tkメ,16000059,1,1,0,0,,,,,,,
#9U2JV20RP,SAM,사냥의시작이야,0xff4ddba2,40146,40222,156,125899,0,7097,870,369,5,0,28000132,#2VR8GVGRV,Tkメ,16000060,1,16,304,304,,,,,,,
#9U2JV20RP,GUS,사냥의시작이야,0xff4ddba2,40146,40222,156,125899,0,7097,870,369,5,0,28000132,#2VR8GVGRV,Tkメ,16000061,11,26,513,513,62000002.0,DAMAGE,3.0,23000513.0,,23000512.0,
#9U2JV20RP,CHESTER,사냥의시작이야,0xff4ddba2,40146,40222,156,125899,0,7097,870,369,5,0,28000132,#2VR8GVGRV,Tkメ,16000063,4,16,302,302,,,,,,,
#9U2JV20RP,GRAY,사냥의시작이야,0xff4ddba2,40146,40222,156,125899,0,7097,870,369,5,0,28000132,#2VR8GVGRV,Tkメ,16000064,7,21,409,409,,,,,,,
#9U2JV20RP,MANDY,사냥의시작이야,0xff4ddba2,40146,40222,156,125899,0,7097,870,369,5,0,28000132,#2VR8GVGRV,Tkメ,16000065,1,16,300,300,,,,,,,
#9U2JV20RP,R-T,사냥의시작이야,0xff4ddba2,40146,40222,156,125899,0,7097,870,369,5,0,28000132,#2VR8GVGRV,Tkメ,16000066,1,16,306,306,,,,,,,
#9U2JV20RP,WILLOW,사냥의시작이야,0xff4ddba2,40146,40222,156,125899,0,7097,870,369,5,0,28000132,#2VR8GVGRV,Tkメ,16000067,1,16,310,310,,,,,,,
#9U2JV20RP,MAISIE,사냥의시작이야,0xff4ddba2,40146,40222,156,125899,0,7097,870,369,5,0,28000132,#2VR8GVGRV,Tkメ,16000068,11,38,736,741,62000002.0,DAMAGE,3.0,23000571.0,,23000570.0,
#9U2JV20RP,HANK,사냥의시작이야,0xff4ddba2,40146,40222,156,125899,0,7097,870,369,5,0,28000132,#2VR8GVGRV,Tkメ,16000069,1,16,309,309,,,,,,,
#9U2JV20RP,CORDELIUS,사냥의시작이야,0xff4ddba2,40146,40222,156,125899,0,7097,870,369,5,0,28000132,#2VR8GVGRV,Tkメ,16000070,1,16,306,306,,,,,,,
#9U2JV20RP,DOUG,사냥의시작이야,0xff4ddba2,40146,40222,156,125899,0,7097,870,369,5,0,28000132,#2VR8GVGRV,Tkメ,16000071,1,17,337,337,,,,,,,
#9U2JV20RP,PEARL,사냥의시작이야,0xff4ddba2,40146,40222,156,125899,0,7097,870,369,5,0,28000132,#2VR8GVGRV,Tkメ,16000072,11,19,374,377,62000002.0,DAMAGE,3.0,23000603.0,,23000601.0,23000602.0
#9U2JV20RP,CHUCK,사냥의시작이야,0xff4ddba2,40146,40222,156,125899,0,7097,870,369,5,0,28000132,#2VR8GVGRV,Tkメ,16000073,4,21,406,406,,,,,,,
#9U2JV20RP,MICO,사냥의시작이야,0xff4ddba2,40146,40222,156,125899,0,7097,870,369,5,0,28000132,#2VR8GVGRV,Tkメ,16000075,11,51,1000,1000,62000002.0,DAMAGE,3.0,23000639.0,23000640.0,23000637.0,23000638.0
#9U2JV20RP,KIT,사냥의시작이야,0xff4ddba2,40146,40222,156,125899,0,7097,870,369,5,0,28000132,#2VR8GVGRV,Tkメ,16000076,4,21,407,407,,,,,,,
#9U2JV20RP,LARRY & LAWRIE,사냥의시작이야,0xff4ddba2,40146,40222,156,125899,0,7097,870,369,5,0,28000132,#2VR8GVGRV,Tkメ,16000077,3,16,305,305,,,,,,,
#9U2JV20RP,MELODIE,사냥의시작이야,0xff4ddba2,40146,40222,156,125899,0,7097,870,369,5,0,28000132,#2VR8GVGRV,Tkメ,16000078,1,16,303,303,,,,,,,
#9U2JV20RP,ANGELO,사냥의시작이야,0xff4ddba2,40146,40222,156,125899,0,7097,870,369,5,0,28000132,#2VR8GVGRV,Tkメ,16000079,1,16,306,306,,,,,,,
#9U2JV20RP,DRACO,사냥의시작이야,0xff4ddba2,40146,40222,156,125899,0,7097,870,369,5,0,28000132,#2VR8GVGRV,Tkメ,16000080,1,4,75,75,,,,,,,
#9U2JV20RP,BERRY,사냥의시작이야,0xff4ddba2,40146,40222,156,125899,0,7097,870,369,5,0,28000132,#2VR8GVGRV,Tkメ,16000082,11,16,302,302,,,,,,,
#9U2JV20RP,KENJI,사냥의시작이야,0xff4ddba2,40146,40222,156,125899,0,7097,870,369,5,0,28000132,#2VR8GVGRV,Tkメ,16000085,11,51,1000,1001,62000002.0,DAMAGE,3.0,23000818.0,,23000816.0,
#9U2JV20RP,SHADE,사냥의시작이야,0xff4ddba2,40146,40222,156,125899,0,7097,870,369,5,0,28000132,#2VR8GVGRV,Tkメ,16000086,1,16,300,300,,,,,,,
#9U2JV20RP,MEEPLE,사냥의시작이야,0xff4ddba2,40146,40222,156,125899,0,7097,870,369,5,0,28000132,#2VR8GVGRV,Tkメ,16000089,1,1,0,0,,,,,,,
#9VY09LP0,SHELLY,[Бан]#LOVE,0xffa8e132,24281,24513,117,72462,0,1945,690,298,5,0,28000059,#2R0CCL9JJ,☘️PaPoRoTnIk☘️,16000000,9,28,500,557,,,,23000288.0,23000255.0,,
#9VY09LP0,COLT,[Бан]#LOVE,0xffa8e132,24281,24513,117,72462,0,1945,690,298,5,0,28000059,#2R0CCL9JJ,☘️PaPoRoTnIk☘️,16000001,9,26,489,518,,,,23000273.0,23000319.0,23000138.0,23000077.0
#9VY09LP0,BULL,[Бан]#LOVE,0xffa8e132,24281,24513,117,72462,0,1945,690,298,5,0,28000059,#2R0CCL9JJ,☘️PaPoRoTnIk☘️,16000002,10,38,500,753,,,,23000272.0,23000310.0,23000137.0,23000078.0
#9VY09LP0,BROCK,[Бан]#LOVE,0xffa8e132,24281,24513,117,72462,0,1945,690,298,5,0,28000059,#2R0CCL9JJ,☘️PaPoRoTnIk☘️,16000003,7,27,494,523,,,,23000316.0,23000245.0,,
#9VY09LP0,RICO,[Бан]#LOVE,0xffa8e132,24281,24513,117,72462,0,1945,690,298,5,0,28000059,#2R0CCL9JJ,☘️PaPoRoTnIk☘️,16000004,7,26,491,502,,,,23000409.0,23000246.0,,
#9VY09LP0,BARLEY,[Бан]#LOVE,0xffa8e132,24281,24513,117,72462,0,1945,690,298,5,0,28000059,#2R0CCL9JJ,☘️PaPoRoTnIk☘️,16000006,9,27,500,521,,,,23000293.0,23000250.0,23000158.0,23000082.0
#9VY09LP0,JESSIE,[Бан]#LOVE,0xffa8e132,24281,24513,117,72462,0,1945,690,298,5,0,28000059,#2R0CCL9JJ,☘️PaPoRoTnIk☘️,16000007,8,26,500,503,,,,23000295.0,23000251.0,,
#9VY09LP0,NITA,[Бан]#LOVE,0xffa8e132,24281,24513,117,72462,0,1945,690,298,5,0,28000059,#2R0CCL9JJ,☘️PaPoRoTnIk☘️,16000008,8,26,500,516,,,,23000314.0,23000249.0,,
#9VY09LP0,DYNAMIKE,[Бан]#LOVE,0xffa8e132,24281,24513,117,72462,0,1945,690,298,5,0,28000059,#2R0CCL9JJ,☘️PaPoRoTnIk☘️,16000009,9,26,500,519,,,,23000258.0,23000294.0,23000155.0,23000085.0
#9VY09LP0,EL PRIMO,[Бан]#LOVE,0xffa8e132,24281,24513,117,72462,0,1945,690,298,5,0,28000059,#2R0CCL9JJ,☘️PaPoRoTnIk☘️,16000010,8,27,500,520,,,,23000264.0,23000292.0,,
#9VY09LP0,MORTIS,[Бан]#LOVE,0xffa8e132,24281,24513,117,72462,0,1945,690,298,5,0,28000059,#2R0CCL9JJ,☘️PaPoRoTnIk☘️,16000011,3,12,235,238,,,,,,,
#9VY09LP0,CROW,[Бан]#LOVE,0xffa8e132,24281,24513,117,72462,0,1945,690,298,5,0,28000059,#2R0CCL9JJ,☘️PaPoRoTnIk☘️,16000012,9,28,500,545,,,,23000286.0,23000243.0,23000143.0,
#9VY09LP0,POCO,[Бан]#LOVE,0xffa8e132,24281,24513,117,72462,0,1945,690,298,5,0,28000059,#2R0CCL9JJ,☘️PaPoRoTnIk☘️,16000013,7,28,500,543,,,,23000267.0,23000350.0,,
#9VY09LP0,BO,[Бан]#LOVE,0xffa8e132,24281,24513,117,72462,0,1945,690,298,5,0,28000059,#2R0CCL9JJ,☘️PaPoRoTnIk☘️,16000014,7,26,500,508,,,,23000263.0,23000289.0,,
#9VY09LP0,PIPER,[Бан]#LOVE,0xffa8e132,24281,24513,117,72462,0,1945,690,298,5,0,28000059,#2R0CCL9JJ,☘️PaPoRoTnIk☘️,16000015,5,22,434,439,,,,,,,
#9VY09LP0,PAM,[Бан]#LOVE,0xffa8e132,24281,24513,117,72462,0,1945,690,298,5,0,28000059,#2R0CCL9JJ,☘️PaPoRoTnIk☘️,16000016,8,27,500,537,,,,23000257.0,23000404.0,,
#9VY09LP0,TARA,[Бан]#LOVE,0xffa8e132,24281,24513,117,72462,0,1945,690,298,5,0,28000059,#2R0CCL9JJ,☘️PaPoRoTnIk☘️,16000017,3,20,382,386,,,,,,,
#9VY09LP0,DARRYL,[Бан]#LOVE,0xffa8e132,24281,24513,117,72462,0,1945,690,298,5,0,28000059,#2R0CCL9JJ,☘️PaPoRoTnIk☘️,16000018,7,26,500,506,,,,23000260.0,23000313.0,,
#9VY09LP0,PENNY,[Бан]#LOVE,0xffa8e132,24281,24513,117,72462,0,1945,690,298,5,0,28000059,#2R0CCL9JJ,☘️PaPoRoTnIk☘️,16000019,7,23,447,453,,,,23000287.0,23000248.0,,
#9VY09LP0,FRANK,[Бан]#LOVE,0xffa8e132,24281,24513,117,72462,0,1945,690,298,5,0,28000059,#2R0CCL9JJ,☘️PaPoRoTnIk☘️,16000020,5,21,403,412,,,,,,,
#9VY09LP0,GENE,[Бан]#LOVE,0xffa8e132,24281,24513,117,72462,0,1945,690,298,5,0,28000059,#2R0CCL9JJ,☘️PaPoRoTnIk☘️,16000021,5,18,333,340,,,,,,,
#9VY09LP0,TICK,[Бан]#LOVE,0xffa8e132,24281,24513,117,72462,0,1945,690,298,5,0,28000059,#2R0CCL9JJ,☘️PaPoRoTnIk☘️,16000022,7,26,494,506,,,,23000355.0,23000253.0,,
#9VY09LP0,ROSA,[Бан]#LOVE,0xffa8e132,24281,24513,117,72462,0,1945,690,298,5,0,28000059,#2R0CCL9JJ,☘️PaPoRoTnIk☘️,16000024,9,27,500,524,,,,23000348.0,23000242.0,23000147.0,23000124.0
#9VY09LP0,CARL,[Бан]#LOVE,0xffa8e132,24281,24513,117,72462,0,1945,690,298,5,0,28000059,#2R0CCL9JJ,☘️PaPoRoTnIk☘️,16000025,7,24,464,467,,,,23000262.0,23000317.0,,
#9VY09LP0,BIBI,[Бан]#LOVE,0xffa8e132,24281,24513,117,72462,0,1945,690,298,5,0,28000059,#2R0CCL9JJ,☘️PaPoRoTnIk☘️,16000026,10,26,500,517,,,,23000275.0,23000458.0,23000134.0,23000146.0
#9VY09LP0,8-BIT,[Бан]#LOVE,0xffa8e132,24281,24513,117,72462,0,1945,690,298,5,0,28000059,#2R0CCL9JJ,☘️PaPoRoTnIk☘️,16000027,7,26,500,504,,,,23000259.0,23000318.0,,
#9VY09LP0,SANDY,[Бан]#LOVE,0xffa8e132,24281,24513,117,72462,0,1945,690,298,5,0,28000059,#2R0CCL9JJ,☘️PaPoRoTnIk☘️,16000028,7,26,497,503,,,,23000270.0,23000405.0,,
#9VY09LP0,BEA,[Бан]#LOVE,0xffa8e132,24281,24513,117,72462,0,1945,690,298,5,0,28000059,#2R0CCL9JJ,☘️PaPoRoTnIk☘️,16000029,5,26,500,502,,,,,,,
#9VY09LP0,EMZ,[Бан]#LOVE,0xffa8e132,24281,24513,117,72462,0,1945,690,298,5,0,28000059,#2R0CCL9JJ,☘️PaPoRoTnIk☘️,16000030,7,26,500,501,,,,23000274.0,23000459.0,,
#9VY09LP0,MR. P,[Бан]#LOVE,0xffa8e132,24281,24513,117,72462,0,1945,690,298,5,0,28000059,#2R0CCL9JJ,☘️PaPoRoTnIk☘️,16000031,5,22,409,421,,,,,,,
#9VY09LP0,MAX,[Бан]#LOVE,0xffa8e132,24281,24513,117,72462,0,1945,690,298,5,0,28000059,#2R0CCL9JJ,☘️PaPoRoTnIk☘️,16000032,2,18,347,347,,,,,,,
#9VY09LP0,JACKY,[Бан]#LOVE,0xffa8e132,24281,24513,117,72462,0,1945,690,298,5,0,28000059,#2R0CCL9JJ,☘️PaPoRoTnIk☘️,16000034,7,26,500,503,,,,23000256.0,23000486.0,,
#9VY09LP0,GALE,[Бан]#LOVE,0xffa8e132,24281,24513,117,72462,0,1945,690,298,5,0,28000059,#2R0CCL9JJ,☘️PaPoRoTnIk☘️,16000035,5,27,500,538,,,,,,,
#9VY09LP0,NANI,[Бан]#LOVE,0xffa8e132,24281,24513,117,72462,0,1945,690,298,5,0,28000059,#2R0CCL9JJ,☘️PaPoRoTnIk☘️,16000036,5,26,500,502,,,,,,,
#9VY09LP0,SPROUT,[Бан]#LOVE,0xffa8e132,24281,24513,117,72462,0,1945,690,298,5,0,28000059,#2R0CCL9JJ,☘️PaPoRoTnIk☘️,16000037,7,22,436,438,,,,23000315.0,23000244.0,,
#9VY09LP0,SURGE,[Бан]#LOVE,0xffa8e132,24281,24513,117,72462,0,1945,690,298,5,0,28000059,#2R0CCL9JJ,☘️PaPoRoTnIk☘️,16000038,8,26,493,516,,,,23000285.0,23000485.0,,
#9VY09LP0,COLETTE,[Бан]#LOVE,0xffa8e132,24281,24513,117,72462,0,1945,690,298,5,0,28000059,#2R0CCL9JJ,☘️PaPoRoTnIk☘️,16000039,8,26,500,514,,,,23000302.0,23000457.0,,
#9VY09LP0,LOU,[Бан]#LOVE,0xffa8e132,24281,24513,117,72462,0,1945,690,298,5,0,28000059,#2R0CCL9JJ,☘️PaPoRoTnIk☘️,16000041,7,26,500,503,,,,23000400.0,23000326.0,,
#9VY09LP0,BYRON,[Бан]#LOVE,0xffa8e132,24281,24513,117,72462,0,1945,690,298,5,0,28000059,#2R0CCL9JJ,☘️PaPoRoTnIk☘️,16000042,10,31,500,607,,,,23000333.0,23000461.0,23000331.0,23000332.0
#9VY09LP0,EDGAR,[Бан]#LOVE,0xffa8e132,24281,24513,117,72462,0,1945,690,298,5,0,28000059,#2R0CCL9JJ,☘️PaPoRoTnIk☘️,16000043,7,26,500,504,,,,23000403.0,23000340.0,,
#9VY09LP0,RUFFS,[Бан]#LOVE,0xffa8e132,24281,24513,117,72462,0,1945,690,298,5,0,28000059,#2R0CCL9JJ,☘️PaPoRoTnIk☘️,16000044,7,27,500,523,,,,23000402.0,23000347.0,,
#9VY09LP0,STU,[Бан]#LOVE,0xffa8e132,24281,24513,117,72462,0,1945,690,298,5,0,28000059,#2R0CCL9JJ,☘️PaPoRoTnIk☘️,16000045,10,31,500,611,,,,23000401.0,23000364.0,23000362.0,23000363.0
#9VY09LP0,BELLE,[Бан]#LOVE,0xffa8e132,24281,24513,117,72462,0,1945,690,298,5,0,28000059,#2R0CCL9JJ,☘️PaPoRoTnIk☘️,16000046,5,22,426,429,,,,,,,
#9VY09LP0,SQUEAK,[Бан]#LOVE,0xffa8e132,24281,24513,117,72462,0,1945,690,298,5,0,28000059,#2R0CCL9JJ,☘️PaPoRoTnIk☘️,16000047,3,16,307,307,,,,,,,
#9VY09LP0,GROM,[Бан]#LOVE,0xffa8e132,24281,24513,117,72462,0,1945,690,298,5,0,28000059,#2R0CCL9JJ,☘️PaPoRoTnIk☘️,16000048,7,28,484,553,,,,23000385.0,23000460.0,,
#9VY09LP0,BUZZ,[Бан]#LOVE,0xffa8e132,24281,24513,117,72462,0,1945,690,298,5,0,28000059,#2R0CCL9JJ,☘️PaPoRoTnIk☘️,16000049,7,26,498,506,,,,23000392.0,,,
#9VY09LP0,GRIFF,[Бан]#LOVE,0xffa8e132,24281,24513,117,72462,0,1945,690,298,5,0,28000059,#2R0CCL9JJ,☘️PaPoRoTnIk☘️,16000050,9,26,500,502,,,,23000399.0,,23000398.0,
#9VY09LP0,ASH,[Бан]#LOVE,0xffa8e132,24281,24513,117,72462,0,1945,690,298,5,0,28000059,#2R0CCL9JJ,☘️PaPoRoTnIk☘️,16000051,4,18,354,354,,,,,,,
#9VY09LP0,MEG,[Бан]#LOVE,0xffa8e132,24281,24513,117,72462,0,1945,690,298,5,0,28000059,#2R0CCL9JJ,☘️PaPoRoTnIk☘️,16000052,4,10,182,182,,,,,,,
#9VY09LP0,LOLA,[Бан]#LOVE,0xffa8e132,24281,24513,117,72462,0,1945,690,298,5,0,28000059,#2R0CCL9JJ,☘️PaPoRoTnIk☘️,16000053,8,26,500,514,,,,23000433.0,23000456.0,,
#9VY09LP0,FANG,[Бан]#LOVE,0xffa8e132,24281,24513,117,72462,0,1945,690,298,5,0,28000059,#2R0CCL9JJ,☘️PaPoRoTnIk☘️,16000054,4,23,447,448,,,,,,,
#9VY09LP0,EVE,[Бан]#LOVE,0xffa8e132,24281,24513,117,72462,0,1945,690,298,5,0,28000059,#2R0CCL9JJ,☘️PaPoRoTnIk☘️,16000056,5,16,300,300,,,,,,,
#9VY09LP0,BONNIE,[Бан]#LOVE,0xffa8e132,24281,24513,117,72462,0,1945,690,298,5,0,28000059,#2R0CCL9JJ,☘️PaPoRoTnIk☘️,16000058,6,22,435,435,,,,,,,
#VY089R8P,SHELLY,melson,0xffa2e3fe,20841,20845,113,67001,0,2229,129,1231,9,0,28000009,#20RY89JGV,🩲爱好者,16000000,11,51,1000,1001,62000002.0,DAMAGE,3.0,23000288.0,23000255.0,23000076.0,
#VY089R8P,COLT,melson,0xffa2e3fe,20841,20845,113,67001,0,2229,129,1231,9,0,28000009,#20RY89JGV,🩲爱好者,16000001,10,28,546,549,62000005.0,RELOAD SPEED,3.0,23000273.0,23000319.0,23000138.0,
#VY089R8P,BULL,melson,0xffa2e3fe,20841,20845,113,67001,0,2229,129,1231,9,0,28000009,#20RY89JGV,🩲爱好者,16000002,7,23,446,451,,,,23000272.0,23000310.0,,
#VY089R8P,BROCK,melson,0xffa2e3fe,20841,20845,113,67001,0,2229,129,1231,9,0,28000009,#20RY89JGV,🩲爱好者,16000003,9,28,538,541,62000005.0,RELOAD SPEED,3.0,23000316.0,23000245.0,23000150.0,
#VY089R8P,RICO,melson,0xffa2e3fe,20841,20845,113,67001,0,2229,129,1231,9,0,28000009,#20RY89JGV,🩲爱好者,16000004,8,26,497,517,,,,23000246.0,,,
#VY089R8P,SPIKE,melson,0xffa2e3fe,20841,20845,113,67001,0,2229,129,1231,9,0,28000009,#20RY89JGV,🩲爱好者,16000005,11,39,665,767,62000004.0,SHIELD,3.0,23000406.0,23000247.0,23000081.0,23000151.0
#VY089R8P,BARLEY,melson,0xffa2e3fe,20841,20845,113,67001,0,2229,129,1231,9,0,28000009,#20RY89JGV,🩲爱好者,16000006,10,29,537,561,,,,23000293.0,23000250.0,23000082.0,23000158.0
#VY089R8P,JESSIE,melson,0xffa2e3fe,20841,20845,113,67001,0,2229,129,1231,9,0,28000009,#20RY89JGV,🩲爱好者,16000007,9,33,507,655,62000014.0,PET POWER,3.0,23000295.0,23000251.0,23000083.0,23000149.0
#VY089R8P,NITA,melson,0xffa2e3fe,20841,20845,113,67001,0,2229,129,1231,9,0,28000009,#20RY89JGV,🩲爱好者,16000008,8,20,387,387,,,,23000249.0,,,
#VY089R8P,DYNAMIKE,melson,0xffa2e3fe,20841,20845,113,67001,0,2229,129,1231,9,0,28000009,#20RY89JGV,🩲爱好者,16000009,9,31,600,600,,,,23000258.0,,23000085.0,
#VY089R8P,EL PRIMO,melson,0xffa2e3fe,20841,20845,113,67001,0,2229,129,1231,9,0,28000009,#20RY89JGV,🩲爱好者,16000010,7,23,435,445,,,,23000264.0,23000292.0,,
#VY089R8P,MORTIS,melson,0xffa2e3fe,20841,20845,113,67001,0,2229,129,1231,9,0,28000009,#20RY89JGV,🩲爱好者,16000011,6,7,123,123,,,,,,,
#VY089R8P,CROW,melson,0xffa2e3fe,20841,20845,113,67001,0,2229,129,1231,9,0,28000009,#20RY89JGV,🩲爱好者,16000012,11,51,1000,1027,62000004.0,SHIELD,3.0,23000286.0,,23000088.0,23000143.0
#VY089R8P,POCO,melson,0xffa2e3fe,20841,20845,113,67001,0,2229,129,1231,9,0,28000009,#20RY89JGV,🩲爱好者,16000013,8,26,494,516,,,,23000267.0,23000350.0,,
#VY089R8P,BO,melson,0xffa2e3fe,20841,20845,113,67001,0,2229,129,1231,9,0,28000009,#20RY89JGV,🩲爱好者,16000014,9,43,847,858,62000005.0,RELOAD SPEED,3.0,23000263.0,23000289.0,23000090.0,23000148.0
#VY089R8P,PIPER,melson,0xffa2e3fe,20841,20845,113,67001,0,2229,129,1231,9,0,28000009,#20RY89JGV,🩲爱好者,16000015,11,51,1000,1026,62000017.0,GADGET COOLDOWN,3.0,23000268.0,23000291.0,23000091.0,
#VY089R8P,PAM,melson,0xffa2e3fe,20841,20845,113,67001,0,2229,129,1231,9,0,28000009,#20RY89JGV,🩲爱好者,16000016,9,26,508,511,,,,23000257.0,,23000092.0,
#VY089R8P,TARA,melson,0xffa2e3fe,20841,20845,113,67001,0,2229,129,1231,9,0,28000009,#20RY89JGV,🩲爱好者,16000017,7,7,134,134,,,,23000266.0,23000356.0,,
#VY089R8P,DARRYL,melson,0xffa2e3fe,20841,20845,113,67001,0,2229,129,1231,9,0,28000009,#20RY89JGV,🩲爱好者,16000018,7,18,353,356,,,,23000260.0,23000313.0,,
#VY089R8P,PENNY,melson,0xffa2e3fe,20841,20845,113,67001,0,2229,129,1231,9,0,28000009,#20RY89JGV,🩲爱好者,16000019,9,26,500,517,,,,23000287.0,23000248.0,,
#VY089R8P,FRANK,melson,0xffa2e3fe,20841,20845,113,67001,0,2229,129,1231,9,0,28000009,#20RY89JGV,🩲爱好者,16000020,9,28,494,544,,,,23000261.0,23000351.0,23000153.0,
#VY089R8P,GENE,melson,0xffa2e3fe,20841,20845,113,67001,0,2229,129,1231,9,0,28000009,#20RY89JGV,🩲爱好者,16000021,9,7,130,130,,,,23000252.0,,23000159.0,
#VY089R8P,TICK,melson,0xffa2e3fe,20841,20845,113,67001,0,2229,129,1231,9,0,28000009,#20RY89JGV,🩲爱好者,16000022,11,51,1000,1008,62000007.0,THICC HEAD,3.0,23000355.0,,23000114.0,23000161.0
#VY089R8P,LEON,melson,0xffa2e3fe,20841,20845,113,67001,0,2229,129,1231,9,0,28000009,#20RY89JGV,🩲爱好者,16000023,9,4,70,70,,,,,,,
#VY089R8P,ROSA,melson,0xffa2e3fe,20841,20845,113,67001,0,2229,129,1231,9,0,28000009,#20RY89JGV,🩲爱好者,16000024,8,25,488,489,,,,23000348.0,23000242.0,,
#VY089R8P,CARL,melson,0xffa2e3fe,20841,20845,113,67001,0,2229,129,1231,9,0,28000009,#20RY89JGV,🩲爱好者,16000025,6,25,470,480,,,,,,,
#VY089R8P,BIBI,melson,0xffa2e3fe,20841,20845,113,67001,0,2229,129,1231,9,0,28000009,#20RY89JGV,🩲爱好者,16000026,11,51,1000,1009,62000001.0,HEALTH,3.0,23000275.0,23000458.0,23000134.0,
#VY089R8P,8-BIT,melson,0xffa2e3fe,20841,20845,113,67001,0,2229,129,1231,9,0,28000009,#20RY89JGV,🩲爱好者,16000027,7,18,339,347,,,,23000259.0,,,
#VY089R8P,BEA,melson,0xffa2e3fe,20841,20845,113,67001,0,2229,129,1231,9,0,28000009,#20RY89JGV,🩲爱好者,16000029,9,24,476,476,62000004.0,SHIELD,3.0,23000312.0,,23000192.0,23000193.0
#VY089R8P,EMZ,melson,0xffa2e3fe,20841,20845,113,67001,0,2229,129,1231,9,0,28000009,#20RY89JGV,🩲爱好者,16000030,9,22,429,432,62000004.0,SHIELD,3.0,23000459.0,,23000198.0,
#VY089R8P,MR. P,melson,0xffa2e3fe,20841,20845,113,67001,0,2229,129,1231,9,0,28000009,#20RY89JGV,🩲爱好者,16000031,8,11,217,217,,,,,,,
#VY089R8P,MAX,melson,0xffa2e3fe,20841,20845,113,67001,0,2229,129,1231,9,0,28000009,#20RY89JGV,🩲爱好者,16000032,9,27,533,533,62000004.0,SHIELD,3.0,23000254.0,,23000211.0,
#VY089R8P,JACKY,melson,0xffa2e3fe,20841,20845,113,67001,0,2229,129,1231,9,0,28000009,#20RY89JGV,🩲爱好者,16000034,7,20,389,389,,,,,,,
#VY089R8P,GALE,melson,0xffa2e3fe,20841,20845,113,67001,0,2229,129,1231,9,0,28000009,#20RY89JGV,🩲爱好者,16000035,6,13,259,259,,,,,,,
#VY089R8P,NANI,melson,0xffa2e3fe,20841,20845,113,67001,0,2229,129,1231,9,0,28000009,#20RY89JGV,🩲爱好者,16000036,9,18,343,343,,,,23000353.0,,23000234.0,
#VY089R8P,SPROUT,melson,0xffa2e3fe,20841,20845,113,67001,0,2229,129,1231,9,0,28000009,#20RY89JGV,🩲爱好者,16000037,7,19,362,362,,,,,,,
#VY089R8P,SURGE,melson,0xffa2e3fe,20841,20845,113,67001,0,2229,129,1231,9,0,28000009,#20RY89JGV,🩲爱好者,16000038,8,21,404,411,,,,23000285.0,23000485.0,,
#VY089R8P,COLETTE,melson,0xffa2e3fe,20841,20845,113,67001,0,2229,129,1231,9,0,28000009,#20RY89JGV,🩲爱好者,16000039,10,20,381,381,,,,,,23000300.0,
#VY089R8P,LOU,melson,0xffa2e3fe,20841,20845,113,67001,0,2229,129,1231,9,0,28000009,#20RY89JGV,🩲爱好者,16000041,7,11,210,210,,,,,,,
#VY089R8P,BYRON,melson,0xffa2e3fe,20841,20845,113,67001,0,2229,129,1231,9,0,28000009,#20RY89JGV,🩲爱好者,16000042,8,20,394,396,,,,23000333.0,23000461.0,,
#VY089R8P,EDGAR,melson,0xffa2e3fe,20841,20845,113,67001,0,2229,129,1231,9,0,28000009,#20RY89JGV,🩲爱好者,16000043,7,22,428,428,,,,23000403.0,,,
#VY089R8P,STU,melson,0xffa2e3fe,20841,20845,113,67001,0,2229,129,1231,9,0,28000009,#20RY89JGV,🩲爱好者,16000045,4,8,140,140,,,,,,,
#VY089R8P,BELLE,melson,0xffa2e3fe,20841,20845,113,67001,0,2229,129,1231,9,0,28000009,#20RY89JGV,🩲爱好者,16000046,8,5,96,96,,,,,,,
#VY089R8P,SQUEAK,melson,0xffa2e3fe,20841,20845,113,67001,0,2229,129,1231,9,0,28000009,#20RY89JGV,🩲爱好者,16000047,3,4,63,63,,,,,,,
#VY089R8P,GROM,melson,0xffa2e3fe,20841,20845,113,67001,0,2229,129,1231,9,0,28000009,#20RY89JGV,🩲爱好者,16000048,7,4,66,66,,,,23000460.0,,,
#VY089R8P,BUZZ,melson,0xffa2e3fe,20841,20845,113,67001,0,2229,129,1231,9,0,28000009,#20RY89JGV,🩲爱好者,16000049,8,5,98,98,,,,,,,
#VY089R8P,GRIFF,melson,0xffa2e3fe,20841,20845,113,67001,0,2229,129,1231,9,0,28000009,#20RY89JGV,🩲爱好者,16000050,7,1,17,17,,,,23000399.0,,,
#VY089R8P,ASH,melson,0xffa2e3fe,20841,20845,113,67001,0,2229,129,1231,9,0,28000009,#20RY89JGV,🩲爱好者,16000051,4,6,115,115,,,,,,,
#VY089R8P,LOLA,melson,0xffa2e3fe,20841,20845,113,67001,0,2229,129,1231,9,0,28000009,#20RY89JGV,🩲爱好者,16000053,1,4,63,63,,,,,,,
#VY089R8P,BONNIE,melson,0xffa2e3fe,20841,20845,113,67001,0,2229,129,1231,9,0,28000009,#20RY89JGV,🩲爱好者,16000058,7,1,11,11,,,,,,,
#VY089R8P,SAM,melson,0xffa2e3fe,20841,20845,113,67001,0,2229,129,1231,9,0,28000009,#20RY89JGV,🩲爱好者,16000060,1,1,0,0,,,,,,,
#VY089R8P,GUS,melson,0xffa2e3fe,20841,20845,113,67001,0,2229,129,1231,9,0,28000009,#20RY89JGV,🩲爱好者,16000061,7,2,38,38,,,,,,,
#VY089R8P,MANDY,melson,0xffa2e3fe,20841,20845,113,67001,0,2229,129,1231,9,0,28000009,#20RY89JGV,🩲爱好者,16000065,9,4,78,78,,,,23000546.0,,23000543.0,
#VY089R8P,WILLOW,melson,0xffa2e3fe,20841,20845,113,67001,0,2229,129,1231,9,0,28000009,#20RY89JGV,🩲爱好者,16000067,6,1,9,9,,,,,,,
#VY089R8P,HANK,melson,0xffa2e3fe,20841,20845,113,67001,0,2229,129,1231,9,0,28000009,#20RY89JGV,🩲爱好者,16000069,1,5,87,87,,,,,,,
#VY089R8P,MICO,melson,0xffa2e3fe,20841,20845,113,67001,0,2229,129,1231,9,0,28000009,#20RY89JGV,🩲爱好者,16000075,4,1,19,19,,,,,,,
#VY089R8P,LARRY & LAWRIE,melson,0xffa2e3fe,20841,20845,113,67001,0,2229,129,1231,9,0,28000009,#20RY89JGV,🩲爱好者,16000077,1,1,0,0,,,,,,,
#VY089R8P,BERRY,melson,0xffa2e3fe,20841,20845,113,67001,0,2229,129,1231,9,0,28000009,#20RY89JGV,🩲爱好者,16000082,1,1,8,8,,,,,,,
#VY089R8P,MEEPLE,melson,0xffa2e3fe,20841,20845,113,67001,0,2229,129,1231,9,0,28000009,#20RY89JGV,🩲爱好者,16000089,1,1,0,0,,,,,,,
#Y0R2C02R2,SHELLY,bff123,0xff1ba5f5,14792,14826,87,40688,0,2183,79,304,5,0,28000066,#2Y9GV8GG9,idk,16000000,7,16,305,305,,,,23000288.0,23000255.0,,
#Y0R2C02R2,COLT,bff123,0xff1ba5f5,14792,14826,87,40688,0,2183,79,304,5,0,28000066,#2Y9GV8GG9,idk,16000001,10,25,475,480,62000000.0,SPEED,3.0,23000319.0,,23000077.0,23000138.0
#Y0R2C02R2,BULL,bff123,0xff1ba5f5,14792,14826,87,40688,0,2183,79,304,5,0,28000066,#2Y9GV8GG9,idk,16000002,7,13,253,253,,,,23000272.0,23000310.0,,
#Y0R2C02R2,BROCK,bff123,0xff1ba5f5,14792,14826,87,40688,0,2183,79,304,5,0,28000066,#2Y9GV8GG9,idk,16000003,6,18,340,344,,,,,,,
#Y0R2C02R2,RICO,bff123,0xff1ba5f5,14792,14826,87,40688,0,2183,79,304,5,0,28000066,#2Y9GV8GG9,idk,16000004,6,23,446,446,,,,,,,
#Y0R2C02R2,SPIKE,bff123,0xff1ba5f5,14792,14826,87,40688,0,2183,79,304,5,0,28000066,#2Y9GV8GG9,idk,16000005,11,34,579,660,62000001.0,HEALTH,3.0,23000406.0,23000247.0,23000081.0,23000151.0
#Y0R2C02R2,BARLEY,bff123,0xff1ba5f5,14792,14826,87,40688,0,2183,79,304,5,0,28000066,#2Y9GV8GG9,idk,16000006,7,15,288,291,,,,23000293.0,23000250.0,,
#Y0R2C02R2,JESSIE,bff123,0xff1ba5f5,14792,14826,87,40688,0,2183,79,304,5,0,28000066,#2Y9GV8GG9,idk,16000007,11,22,417,428,62000002.0,DAMAGE,3.0,23000295.0,,23000149.0,
#Y0R2C02R2,NITA,bff123,0xff1ba5f5,14792,14826,87,40688,0,2183,79,304,5,0,28000066,#2Y9GV8GG9,idk,16000008,7,19,371,375,,,,23000314.0,23000249.0,,
#Y0R2C02R2,DYNAMIKE,bff123,0xff1ba5f5,14792,14826,87,40688,0,2183,79,304,5,0,28000066,#2Y9GV8GG9,idk,16000009,7,17,321,323,,,,23000258.0,23000294.0,,
#Y0R2C02R2,EL PRIMO,bff123,0xff1ba5f5,14792,14826,87,40688,0,2183,79,304,5,0,28000066,#2Y9GV8GG9,idk,16000010,8,11,208,208,,,,,,,
#Y0R2C02R2,MORTIS,bff123,0xff1ba5f5,14792,14826,87,40688,0,2183,79,304,5,0,28000066,#2Y9GV8GG9,idk,16000011,7,7,137,137,,,,,,,
#Y0R2C02R2,CROW,bff123,0xff1ba5f5,14792,14826,87,40688,0,2183,79,304,5,0,28000066,#2Y9GV8GG9,idk,16000012,5,6,117,117,,,,,,,
#Y0R2C02R2,POCO,bff123,0xff1ba5f5,14792,14826,87,40688,0,2183,79,304,5,0,28000066,#2Y9GV8GG9,idk,16000013,7,13,247,250,,,,,,,
#Y0R2C02R2,BO,bff123,0xff1ba5f5,14792,14826,87,40688,0,2183,79,304,5,0,28000066,#2Y9GV8GG9,idk,16000014,6,16,308,312,,,,,,,
#Y0R2C02R2,PIPER,bff123,0xff1ba5f5,14792,14826,87,40688,0,2183,79,304,5,0,28000066,#2Y9GV8GG9,idk,16000015,6,12,217,226,,,,,,,
#Y0R2C02R2,PAM,bff123,0xff1ba5f5,14792,14826,87,40688,0,2183,79,304,5,0,28000066,#2Y9GV8GG9,idk,16000016,7,18,344,348,,,,23000404.0,,,
#Y0R2C02R2,TARA,bff123,0xff1ba5f5,14792,14826,87,40688,0,2183,79,304,5,0,28000066,#2Y9GV8GG9,idk,16000017,9,8,147,147,,,,,,23000093.0,
#Y0R2C02R2,DARRYL,bff123,0xff1ba5f5,14792,14826,87,40688,0,2183,79,304,5,0,28000066,#2Y9GV8GG9,idk,16000018,7,17,328,328,,,,,,,
#Y0R2C02R2,PENNY,bff123,0xff1ba5f5,14792,14826,87,40688,0,2183,79,304,5,0,28000066,#2Y9GV8GG9,idk,16000019,7,17,322,322,,,,23000287.0,23000248.0,,
#Y0R2C02R2,FRANK,bff123,0xff1ba5f5,14792,14826,87,40688,0,2183,79,304,5,0,28000066,#2Y9GV8GG9,idk,16000020,6,20,382,382,,,,,,,
#Y0R2C02R2,TICK,bff123,0xff1ba5f5,14792,14826,87,40688,0,2183,79,304,5,0,28000066,#2Y9GV8GG9,idk,16000022,11,21,399,402,62000002.0,DAMAGE,3.0,23000355.0,23000253.0,23000161.0,
#Y0R2C02R2,LEON,bff123,0xff1ba5f5,14792,14826,87,40688,0,2183,79,304,5,0,28000066,#2Y9GV8GG9,idk,16000023,11,3,41,41,62000017.0,GADGET COOLDOWN,3.0,23000276.0,,23000141.0,
#Y0R2C02R2,ROSA,bff123,0xff1ba5f5,14792,14826,87,40688,0,2183,79,304,5,0,28000066,#2Y9GV8GG9,idk,16000024,7,19,372,376,,,,,,,
#Y0R2C02R2,CARL,bff123,0xff1ba5f5,14792,14826,87,40688,0,2183,79,304,5,0,28000066,#2Y9GV8GG9,idk,16000025,7,10,191,191,,,,23000262.0,,,
#Y0R2C02R2,BIBI,bff123,0xff1ba5f5,14792,14826,87,40688,0,2183,79,304,5,0,28000066,#2Y9GV8GG9,idk,16000026,8,6,102,102,,,,23000275.0,,,
#Y0R2C02R2,8-BIT,bff123,0xff1ba5f5,14792,14826,87,40688,0,2183,79,304,5,0,28000066,#2Y9GV8GG9,idk,16000027,7,10,193,193,,,,,,,
#Y0R2C02R2,SANDY,bff123,0xff1ba5f5,14792,14826,87,40688,0,2183,79,304,5,0,28000066,#2Y9GV8GG9,idk,16000028,10,11,213,216,,,,23000405.0,,23000187.0,
#Y0R2C02R2,BEA,bff123,0xff1ba5f5,14792,14826,87,40688,0,2183,79,304,5,0,28000066,#2Y9GV8GG9,idk,16000029,7,10,183,183,,,,23000312.0,,,
#Y0R2C02R2,EMZ,bff123,0xff1ba5f5,14792,14826,87,40688,0,2183,79,304,5,0,28000066,#2Y9GV8GG9,idk,16000030,11,36,624,708,62000002.0,DAMAGE,3.0,23000274.0,,23000198.0,23000199.0
#Y0R2C02R2,MR. P,bff123,0xff1ba5f5,14792,14826,87,40688,0,2183,79,304,5,0,28000066,#2Y9GV8GG9,idk,16000031,9,4,68,68,,,,23000269.0,,,
#Y0R2C02R2,MAX,bff123,0xff1ba5f5,14792,14826,87,40688,0,2183,79,304,5,0,28000066,#2Y9GV8GG9,idk,16000032,7,18,349,353,,,,23000311.0,,,
#Y0R2C02R2,JACKY,bff123,0xff1ba5f5,14792,14826,87,40688,0,2183,79,304,5,0,28000066,#2Y9GV8GG9,idk,16000034,6,13,237,240,,,,,,,
#Y0R2C02R2,GALE,bff123,0xff1ba5f5,14792,14826,87,40688,0,2183,79,304,5,0,28000066,#2Y9GV8GG9,idk,16000035,7,6,103,103,,,,23000277.0,23000407.0,,
#Y0R2C02R2,NANI,bff123,0xff1ba5f5,14792,14826,87,40688,0,2183,79,304,5,0,28000066,#2Y9GV8GG9,idk,16000036,4,10,189,189,,,,,,,
#Y0R2C02R2,SURGE,bff123,0xff1ba5f5,14792,14826,87,40688,0,2183,79,304,5,0,28000066,#2Y9GV8GG9,idk,16000038,9,12,234,237,,,,,,,
#Y0R2C02R2,COLETTE,bff123,0xff1ba5f5,14792,14826,87,40688,0,2183,79,304,5,0,28000066,#2Y9GV8GG9,idk,16000039,6,13,233,240,,,,,,,
#Y0R2C02R2,AMBER,bff123,0xff1ba5f5,14792,14826,87,40688,0,2183,79,304,5,0,28000066,#2Y9GV8GG9,idk,16000040,11,31,582,619,62000005.0,RELOAD SPEED,3.0,23000309.0,,23000307.0,23000308.0
#Y0R2C02R2,LOU,bff123,0xff1ba5f5,14792,14826,87,40688,0,2183,79,304,5,0,28000066,#2Y9GV8GG9,idk,16000041,9,14,265,265,,,,23000326.0,,,
#Y0R2C02R2,BYRON,bff123,0xff1ba5f5,14792,14826,87,40688,0,2183,79,304,5,0,28000066,#2Y9GV8GG9,idk,16000042,4,4,62,62,,,,,,,
#Y0R2C02R2,EDGAR,bff123,0xff1ba5f5,14792,14826,87,40688,0,2183,79,304,5,0,28000066,#2Y9GV8GG9,idk,16000043,9,18,341,345,,,,23000340.0,,23000338.0,23000339.0
#Y0R2C02R2,STU,bff123,0xff1ba5f5,14792,14826,87,40688,0,2183,79,304,5,0,28000066,#2Y9GV8GG9,idk,16000045,1,1,8,8,,,,,,,
#Y0R2C02R2,BELLE,bff123,0xff1ba5f5,14792,14826,87,40688,0,2183,79,304,5,0,28000066,#2Y9GV8GG9,idk,16000046,1,1,9,9,,,,,,,
#Y0R2C02R2,SQUEAK,bff123,0xff1ba5f5,14792,14826,87,40688,0,2183,79,304,5,0,28000066,#2Y9GV8GG9,idk,16000047,11,30,568,598,62000000.0,SPEED,3.0,23000378.0,,23000377.0,
#Y0R2C02R2,GROM,bff123,0xff1ba5f5,14792,14826,87,40688,0,2183,79,304,5,0,28000066,#2Y9GV8GG9,idk,16000048,1,4,61,61,,,,,,,
#Y0R2C02R2,BUZZ,bff123,0xff1ba5f5,14792,14826,87,40688,0,2183,79,304,5,0,28000066,#2Y9GV8GG9,idk,16000049,5,8,142,144,,,,,,,
#Y0R2C02R2,GRIFF,bff123,0xff1ba5f5,14792,14826,87,40688,0,2183,79,304,5,0,28000066,#2Y9GV8GG9,idk,16000050,5,12,226,226,,,,,,,
#Y0R2C02R2,ASH,bff123,0xff1ba5f5,14792,14826,87,40688,0,2183,79,304,5,0,28000066,#2Y9GV8GG9,idk,16000051,1,1,11,11,,,,,,,
#Y0R2C02R2,MEG,bff123,0xff1ba5f5,14792,14826,87,40688,0,2183,79,304,5,0,28000066,#2Y9GV8GG9,idk,16000052,11,34,653,667,62000002.0,DAMAGE,3.0,23000423.0,,23000421.0,23000422.0
#Y0R2C02R2,LOLA,bff123,0xff1ba5f5,14792,14826,87,40688,0,2183,79,304,5,0,28000066,#2Y9GV8GG9,idk,16000053,9,14,277,277,,,,23000456.0,,23000431.0,23000432.0
#Y0R2C02R2,EVE,bff123,0xff1ba5f5,14792,14826,87,40688,0,2183,79,304,5,0,28000066,#2Y9GV8GG9,idk,16000056,1,1,0,0,,,,,,,
#Y0R2C02R2,BONNIE,bff123,0xff1ba5f5,14792,14826,87,40688,0,2183,79,304,5,0,28000066,#2Y9GV8GG9,idk,16000058,1,1,8,8,,,,,,,
#Y0R2C02R2,SAM,bff123,0xff1ba5f5,14792,14826,87,40688,0,2183,79,304,5,0,28000066,#2Y9GV8GG9,idk,16000060,1,1,0,0,,,,,,,
#Y0R2C02R2,GUS,bff123,0xff1ba5f5,14792,14826,87,40688,0,2183,79,304,5,0,28000066,#2Y9GV8GG9,idk,16000061,11,22,407,420,62000002.0,DAMAGE,3.0,23000513.0,23000514.0,23000511.0,
#Y0R2C02R2,MANDY,bff123,0xff1ba5f5,14792,14826,87,40688,0,2183,79,304,5,0,28000066,#2Y9GV8GG9,idk,16000065,6,8,151,151,,,,,,,
#Y0R2C02R2,WILLOW,bff123,0xff1ba5f5,14792,14826,87,40688,0,2183,79,304,5,0,28000066,#2Y9GV8GG9,idk,16000067,1,4,61,62,,,,,,,
#Y0R2C02R2,PEARL,bff123,0xff1ba5f5,14792,14826,87,40688,0,2183,79,304,5,0,28000066,#2Y9GV8GG9,idk,16000072,1,1,0,0,,,,,,,
#Y0R2C02R2,CHUCK,bff123,0xff1ba5f5,14792,14826,87,40688,0,2183,79,304,5,0,28000066,#2Y9GV8GG9,idk,16000073,1,1,17,17,,,,,,,
#Y0R2C02R2,MELODIE,bff123,0xff1ba5f5,14792,14826,87,40688,0,2183,79,304,5,0,28000066,#2Y9GV8GG9,idk,16000078,11,18,344,346,62000002.0,DAMAGE,3.0,23000670.0,,23000667.0,
#Y0R2C02R2,ANGELO,bff123,0xff1ba5f5,14792,14826,87,40688,0,2183,79,304,5,0,28000066,#2Y9GV8GG9,idk,16000079,6,8,147,153,,,,,,,
#Y0R2C02R2,BERRY,bff123,0xff1ba5f5,14792,14826,87,40688,0,2183,79,304,5,0,28000066,#2Y9GV8GG9,idk,16000082,7,7,131,135,,,,23000766.0,,,
#Y0R2C02R2,CLANCY,bff123,0xff1ba5f5,14792,14826,87,40688,0,2183,79,304,5,0,28000066,#2Y9GV8GG9,idk,16000083,7,2,38,38,,,,,,,
#Y0R2C02R2,MEEPLE,bff123,0xff1ba5f5,14792,14826,87,40688,0,2183,79,304,5,0,28000066,#2Y9GV8GG9,idk,16000089,1,1,0,0,,,,,,,
